Top pages,Clicks,Impressions,CTR,Position
https://www.curify-ai.com/,127,2577,4.93%,5.59
https://www.curify-ai.com/ko/blog/character-prompt-generator,25,355,7.04%,7.53
https://www.curify-ai.com/es/blog/asl-video-translator,23,300,7.67%,6.71
https://www.curify-ai.com/blog/mbti-character-generator,22,448,4.91%,6.44
https://www.curify-ai.com/en,21,353,5.95%,5.28
https://www.curify-ai.com/tools/video-dubbing,15,594,2.53%,55.7
https://www.curify-ai.com/blog/asl-video-translator,15,562,2.67%,10.09
https://www.curify-ai.com/tools/bilingual-subtitles,11,481,2.29%,6.66
https://www.curify-ai.com/ko/blog/10-prompting-tips-nano-banana,11,275,4%,9.44
https://www.curify-ai.com/zh/nano-template/character/example/template-character-zhaokuo,11,204,5.39%,7.25
https://www.curify-ai.com/es/video-dubbing,11,126,8.73%,42.7
https://www.curify-ai.com/en/bilingual-subtitles,10,169,5.92%,8.24
https://www.curify-ai.com/zh/nano-template/mbti-generic,10,62,16.13%,5.1
https://www.curify-ai.com/blog/f5-tts-voice-cloning,9,3579,0.25%,7.25
https://www.curify-ai.com/nano-template/travel,9,132,6.82%,4.96
https://www.curify-ai.com/zh/blog/creative-ai-tools-websites,9,126,7.14%,6.44
https://www.curify-ai.com/zh/nano-template/education-card,9,108,8.33%,7.67
https://www.curify-ai.com/zh/nano-template/city-miniature,9,105,8.57%,7.08
https://www.curify-ai.com/zh/nano-template/mbti-generic/example/template-mbti-generic-employee-intj,9,97,9.28%,4.15
https://www.curify-ai.com/en/nano-banana-pro-prompts/977,8,132,6.06%,7.79
https://www.curify-ai.com/zh/tools/bilingual-subtitles,8,122,6.56%,7.58
https://www.curify-ai.com/zh/nano-template/custom-character-card,7,333,2.1%,7.52
https://www.curify-ai.com/nano-template/mbti-generic,7,156,4.49%,6.52
https://curify-ai.com/en/bilingual-subtitles,7,27,25.93%,7.67
https://www.curify-ai.com/zh/nano-template/character,6,132,4.55%,6.59
https://www.curify-ai.com/zh/nano-template/mbti-generic/example/template-mbti-generic-breaking-bad-gus-fring,6,72,8.33%,5.75
https://www.curify-ai.com/en/nano-template/mbti-generic/example/template-mbti-generic-breakingbad-toddalquist,6,46,13.04%,2.91
https://www.curify-ai.com/ja/blog/mbti-character-generator,6,43,13.95%,5.65
https://www.curify-ai.com/ru/tools/bilingual-subtitles,6,41,14.63%,4.98
https://www.curify-ai.com/en/video-dubbing,5,133,3.76%,28.49
https://www.curify-ai.com/nano-template/mbti-generic/example/template-mbti-generic-ai-founders-sundar,5,86,5.81%,3.92
https://www.curify-ai.com/zh/nano-template/mbti-generic/example/template-mbti-generic-ai-chatgpt-enfp,5,78,6.41%,4.05
https://www.curify-ai.com/zh/nano-template/mbti-generic/example/template-mbti-generic-friends-joey,5,45,11.11%,3.78
https://www.curify-ai.com/zh/nano-template/mbti-generic/example/template-mbti-generic-ai-founders-satya,5,45,11.11%,5.73
https://www.curify-ai.com/ko/nano-template/city-miniature,5,38,13.16%,6.82
https://www.curify-ai.com/ko/nano-template/travel,5,34,14.71%,4.32
https://www.curify-ai.com/zh/nano-template/mbti-generic/example/template-mbti-generic-myth-entp-entj-intp-intj,5,28,17.86%,5.64
https://www.curify-ai.com/en/nano-template/mbti-generic/example/template-mbti-generic-ai-founders-sundar,5,15,33.33%,4.07
https://www.curify-ai.com/blog/creative-ai-tools-websites,4,711,0.56%,7.27
https://www.curify-ai.com/zh/nano-template/mbti-contrast,4,311,1.29%,7.15
"https://www.curify-ai.com/zh/nano-template/mbti-contrast/example/template-mbti-contrast-INTJ 
vs ESTP-high-speed-rail",4,66,6.06%,4.41
https://www.curify-ai.com/ko/about,4,59,6.78%,3.83
https://www.curify-ai.com/zh/nano-template/city-miniature/example/template-city-miniature-tokyo,4,28,14.29%,6
https://www.curify-ai.com/zh/nano-template/education-card/example/template-education-sustainable,4,13,30.77%,7.38
https://www.curify-ai.com/ko/nano-template/mbti-nba/example/template-mbti-nba-yaoming,4,11,36.36%,1.36
https://www.curify-ai.com/ru/blog/ai-youtube-video-translator,3,475,0.63%,7.04
https://www.curify-ai.com/zh/blog/ae-vs-comfyui,3,233,1.29%,8.2
https://www.curify-ai.com/nano-template/mbti-naruto,3,197,1.52%,7.13
https://www.curify-ai.com/zh/nano-template/mbti-contrast/example/template-mbti-contrast-love-INFJ-vs-ESTP-daily-interaction,3,124,2.42%,7.89
https://www.curify-ai.com/zh/nano-template/character/example/template-character-academic-journey-to-the-west-2,3,66,4.55%,7.02
https://www.curify-ai.com/zh/nano-template/travel,3,60,5%,6.92
https://www.curify-ai.com/zh/nano-template/travel/example/template-travel-xian,3,59,5.08%,7.34
https://www.curify-ai.com/en/nano-template/mbti-generic/example/template-mbti-generic-Football-Pele-Maradona-Zinedine-Zidane-Ronaldinho,3,54,5.56%,4.24
https://www.curify-ai.com/zh/nano-template/fat-loss-plan,3,50,6%,6
https://www.curify-ai.com/zh/nano-template/mbti-nba,3,45,6.67%,5.02
https://www.curify-ai.com/ru/blog/asl-video-translator,3,45,6.67%,6.11
https://www.curify-ai.com/en/nano-template/mbti-generic/example/template-mbti-generic-ai-founders-dario,3,42,7.14%,5.69
https://www.curify-ai.com/zh/nano-banana-pro-prompts/1723,3,42,7.14%,7.74
https://www.curify-ai.com/zh/about,3,41,7.32%,4.29
https://www.curify-ai.com/ja/nano-banana-pro-prompts/tag/relaxed,3,37,8.11%,5.65
https://www.curify-ai.com/zh/nano-template/character/example/template-character-naruto-uzumaki,3,32,9.38%,6.47
https://www.curify-ai.com/en/nano-template/template-fashion-ecommerce/example/template-fashion-ecommerce-zh-scarf,3,30,10%,6.5
https://www.curify-ai.com/ru/blog/video-evaluation,3,28,10.71%,6.25
https://www.curify-ai.com/ru/nano-banana-pro-prompts/812,3,22,13.64%,5.14
https://www.curify-ai.com/nano-banana-pro-prompts/3836,3,21,14.29%,6.05
https://www.curify-ai.com/zh/bilingual-subtitles,3,20,15%,7.3
https://www.curify-ai.com/nano-banana-pro-prompts/572,3,18,16.67%,5.56
https://www.curify-ai.com/nano-template/template-food/example/template-food-en-neapolitan-pizza,3,18,16.67%,5.94
https://www.curify-ai.com/zh/nano-template/mbti-generic/example/template-mbti-generic-bbt-raj,3,16,18.75%,3.88
https://www.curify-ai.com/en/nano-template/mbti-generic/example/template-mbti-generic-employee-istj,3,16,18.75%,4.06
"https://www.curify-ai.com/zh/nano-template/mbti-contrast/example/template-mbti-contrast-ESTJ 
vs INTP-high-speed-rail",3,15,20%,4.33
https://www.curify-ai.com/zh/nano-template/mbti-generic/example/template-mbti-generic-ai-stable-diffusion-estp,3,13,23.08%,4.15
https://www.curify-ai.com/zh/nano-template/education-card/example/template-education-card-feishu-ai-summary,3,13,23.08%,10.15
https://curify-ai.com/hi/nano-banana-pro-prompts/3101,3,10,30%,3.6
https://www.curify-ai.com/nano-template/mbti-nba/example/template-mbti-nba-vinicius-jr,3,10,30%,5.9
https://www.curify-ai.com/zh/nano-template/word-scene/example/template-word-scene-student-wizard-school,3,9,33.33%,6.11
https://www.curify-ai.com/de/nano-template/mbti-nba-en,3,5,60%,5
https://www.curify-ai.com/blog/image-generation-model-comparison,2,5180,0.04%,7.88
https://www.curify-ai.com/zh/nano-template/series-travel,2,648,0.31%,6.2
https://www.curify-ai.com/blog/character-prompt-generator,2,522,0.38%,11.25
https://www.curify-ai.com/en/blog/ae-vs-comfyui,2,371,0.54%,5.84
https://www.curify-ai.com/nano-banana-pro-prompts/tag/mirror selfie,2,289,0.69%,8.14
https://www.curify-ai.com/zh/blog/character-prompt-generator,2,215,0.93%,8.08
https://www.curify-ai.com/blog/f5-tts-vs-elevenlabs,2,184,1.09%,4.9
https://www.curify-ai.com/es/blog/10-prompting-tips-video-generation,2,182,1.1%,8.08
https://www.curify-ai.com/ja/nano-banana-pro-prompts/tag/monochrome,2,182,1.1%,8.41
https://www.curify-ai.com/zh/blog/voice-cloning-tools,2,169,1.18%,6.66
https://www.curify-ai.com/ru/blog/f5-tts-voice-cloning,2,156,1.28%,7.61
https://www.curify-ai.com/en/about,2,129,1.55%,3.82
https://www.curify-ai.com/blog/bilingual-ai-flashcards-early-childhood-education,2,129,1.55%,6.1
https://www.curify-ai.com/ru/nano-template/mbti-breakingbad,2,120,1.67%,7.72
https://www.curify-ai.com/zh/nano-template/mbti-generic/example/template-mbti-generic-spring-festival-INTJ-vs-ESTP-high-speed-rail,2,97,2.06%,7.14
https://www.curify-ai.com/de/blog/translate-youtube-video,2,96,2.08%,40.91
https://www.curify-ai.com/tr/nano-banana-pro-prompts/4106,2,83,2.41%,5.17
https://www.curify-ai.com/nano-banana-pro-prompts/tag/kpop,2,78,2.56%,7.55
https://www.curify-ai.com/ko/nano-banana-pro-prompts/tag/women,2,63,3.17%,10.83
https://www.curify-ai.com/nano-banana-pro-prompts/tag/bedroom,2,62,3.23%,7.19
https://www.curify-ai.com/nano-banana-pro-prompts/4117,2,57,3.51%,6.18
https://www.curify-ai.com/ja/nano-banana-pro-prompts/tag/bedroom,2,56,3.57%,9.66
https://www.curify-ai.com/nano-template/recipe,2,52,3.85%,6.1
https://www.curify-ai.com/fr/blog/10-prompting-tips-video-generation,2,49,4.08%,6.86
https://www.curify-ai.com/ko/nano-template/template-mbti-animal,2,47,4.26%,7.43
https://www.curify-ai.com/zh/nano-template/fashion-ecommerce/example/template-fashion-ecommerce-pendant,2,43,4.65%,6.53
https://www.curify-ai.com/zh/nano-template/mbti-generic/example/template-mbti-generic-bbt-penny,2,42,4.76%,5.88
https://www.curify-ai.com/ru/nano-template/mbti-marvel,2,40,5%,6.7
https://www.curify-ai.com/zh/nano-template/mbti-generic/example/template-mbti-generic-employee-estp,2,40,5%,7
https://www.curify-ai.com/zh/nano-template/character/example/template-character-academic-tang-seng,2,37,5.41%,7
https://www.curify-ai.com/ja/nano-template/mbti-generic,2,35,5.71%,5.49
https://www.curify-ai.com/zh/nano-template/mbti-generic/example/template-mbti-generic-ai-claude-infj,2,33,6.06%,7.67
https://www.curify-ai.com/zh/nano-template/mbti-contrast/example/template-mbti-contrast-love-ISTJ-vs-ESFP-after-fight,2,30,6.67%,3.37
https://www.curify-ai.com/zh/nano-template/template-battle,2,30,6.67%,5.9
https://www.curify-ai.com/zh/nano-template/character/example/template-character-zhugeliang,2,28,7.14%,6.89
https://www.curify-ai.com/ko/nano-template/mbti-marvel,2,27,7.41%,7.19
https://www.curify-ai.com/topics/english-chinese,2,25,8%,4.44
https://www.curify-ai.com/en/nano-banana-pro-prompts/tag/woman,2,24,8.33%,9.62
https://www.curify-ai.com/ko/nano-banana-pro-prompts/tag/natural light,2,22,9.09%,8.82
https://www.curify-ai.com/nano-banana-pro-prompts/1723,2,21,9.52%,2.95
https://www.curify-ai.com/zh/nano-template/character/example/template-character-weiqing,2,21,9.52%,6.52
https://www.curify-ai.com/zh/nano-template/mbti-generic/example/template-mbti-generic-ThreeKingdoms-CaoCao,2,19,10.53%,3.74
https://www.curify-ai.com/nano-banana-pro-prompts/721,2,19,10.53%,5.84
https://www.curify-ai.com/zh/nano-template/battle/example/template-battle-kobebryant-stephencurry,2,18,11.11%,4.5
https://www.curify-ai.com/zh/nano-template/travel/example/template-travel-greece,2,18,11.11%,7
https://www.curify-ai.com/ko/nano-template/character,2,17,11.76%,8.35
https://curify-ai.com/en/video-dubbing,2,16,12.5%,26.81
https://www.curify-ai.com/nano-banana-pro-prompts/940,2,15,13.33%,5.2
https://www.curify-ai.com/zh/nano-template/education-card/example/template-education-card-land-planning,2,14,14.29%,5.14
https://www.curify-ai.com/nano-banana-pro-prompts/812,2,14,14.29%,6.07
https://www.curify-ai.com/zh/nano-banana-pro-prompts/tag/couple,2,14,14.29%,9.86
https://www.curify-ai.com/en/nano-template/weather?city_name=nanjing,2,12,16.67%,4.92
https://www.curify-ai.com/zh/nano-template/recipe/example/template-recipe-kung-pao-chicken,2,12,16.67%,6.25
https://www.curify-ai.com/ja/nano-banana-pro-prompts/tag/hyperrealistic,2,12,16.67%,8.42
https://www.curify-ai.com/ko/nano-template/template-fashion-ecommerce,2,11,18.18%,3.55
https://www.curify-ai.com/ko/nano-template/recipe,2,11,18.18%,6.45
https://www.curify-ai.com/ru/nano-template/weather,2,11,18.18%,7.18
https://www.curify-ai.com/zh/nano-template/template-education-card,2,10,20%,5.9
https://www.curify-ai.com/zh/nano-template/mbti-generic/example/template-mbti-generic-breaking-bad-jesse-pinkman,2,8,25%,2.5
https://www.curify-ai.com/ru/nano-template/mbti-naruto,2,8,25%,3.5
https://www.curify-ai.com/ru/nano-template/world-travel-map-illustration-en,2,7,28.57%,4.86
https://curify-ai.com/ko/nano-banana-pro-prompts/2249,2,7,28.57%,5.57
https://www.curify-ai.com/fr/nano-template/recipe,2,7,28.57%,7.71
https://curify-ai.com/tr/nano-banana-pro-prompts/2934,2,7,28.57%,15.14
https://www.curify-ai.com/ko/nano-template/mbti-generic,2,6,33.33%,3.67
https://www.curify-ai.com/nano-banana-pro-prompts/3292,2,6,33.33%,10.33
https://www.curify-ai.com/de/nano-banana-pro-prompts/1123,2,5,40%,2
https://www.curify-ai.com/ko/nano-banana-pro-prompts/339,2,4,50%,3
https://www.curify-ai.com/es/nano-template/mbti-nba/example/template-mbti-nba-kevendurant,2,4,50%,3.75
https://www.curify-ai.com/ru/nano-template/cultural-relic-retro-infographic,2,3,66.67%,2.67
https://www.curify-ai.com/zh/nano-template/mbti-generic/example/template-mbti-generic-ThreeKingdoms-LiuBei,2,3,66.67%,5
https://www.curify-ai.com/blog/ai-youtube-video-translator,1,892,0.11%,8.86
https://www.curify-ai.com/nano-banana-pro-prompts/tag/snowy landscape,1,502,0.2%,7.02
https://www.curify-ai.com/blog/preserve-facial-features-ai-generation,1,466,0.21%,6.22
https://www.curify-ai.com/en/blog/storyboard-to-pipeline,1,409,0.24%,7.46
https://www.curify-ai.com/ko/blog/image-generation-model-comparison,1,406,0.25%,6.11
https://www.curify-ai.com/zh/blog/best-ai-tools,1,227,0.44%,7.01
https://www.curify-ai.com/zh/blog/10-prompting-tips-video-generation,1,187,0.53%,9.34
https://www.curify-ai.com/zh/nano-template/movie-poster,1,178,0.56%,6.25
https://www.curify-ai.com/ko/blog/best-ai-tools,1,175,0.57%,6.59
https://www.curify-ai.com/en/nano-banana-pro-prompts/593,1,145,0.69%,4.86
https://www.curify-ai.com/ko/blog/video-transcription-business-guide,1,142,0.7%,11.08
https://www.curify-ai.com/about,1,141,0.71%,5.99
https://www.curify-ai.com/ja/blog/ai-youtube-video-translator,1,134,0.75%,7.51
https://www.curify-ai.com/ko/blog/10-prompting-tips-video-generation,1,118,0.85%,8.69
https://www.curify-ai.com/ko/blog/ai-youtube-video-translator,1,103,0.97%,7.28
https://www.curify-ai.com/blog/10-prompting-tips-nano-banana,1,102,0.98%,7.61
https://www.curify-ai.com/zh/nano-template/character-analysis,1,99,1.01%,6.66
https://www.curify-ai.com/zh/blog/lip-sync-technical-deep-dive,1,87,1.15%,7.13
https://www.curify-ai.com/nano-banana-pro-prompts,1,87,1.15%,10.79
https://www.curify-ai.com/blog,1,84,1.19%,8.05
https://www.curify-ai.com/ko/blog/translate-youtube-video,1,79,1.27%,14.61
https://www.curify-ai.com/ru/blog/lip-sync-technical-deep-dive,1,76,1.32%,8.86
https://www.curify-ai.com/en/nano-banana-pro-prompts/1146,1,74,1.35%,5.99
https://www.curify-ai.com/zh/nano-template/book-series,1,73,1.37%,6.19
https://www.curify-ai.com/ru/blog/what-is-voice-cloning,1,73,1.37%,16.9
https://www.curify-ai.com/ja/nano-template/mbti-marvel,1,71,1.41%,6.58
https://www.curify-ai.com/en/tools,1,70,1.43%,3.84
https://www.curify-ai.com/ru/blog/character-prompt-generator,1,65,1.54%,12.62
https://www.curify-ai.com/ru/blog/translate-youtube-video,1,61,1.64%,13.92
https://www.curify-ai.com/zh/nano-template/mbti-contrast-zh,1,58,1.72%,7.19
https://www.curify-ai.com/ru/blog/translate-youtube-video-to-english,1,57,1.75%,9.37
https://www.curify-ai.com/zh/blog/ai-youtube-video-translator,1,55,1.82%,7.45
https://www.curify-ai.com/zh/nano-template/intangible-heritage,1,52,1.92%,5.83
https://www.curify-ai.com/nano-template/custom-character-card/example/template-custom-character-card-istp-cool-wild-rose-female,1,51,1.96%,7.75
https://www.curify-ai.com/ko/nano-banana-pro-prompts/tag/character,1,51,1.96%,13.98
https://www.curify-ai.com/zh/nano-template/mbti-marvel,1,49,2.04%,8.96
https://www.curify-ai.com/ja/blog/f5-tts-voice-cloning,1,45,2.22%,9.02
https://www.curify-ai.com/zh/nano-template/sports-battle,1,43,2.33%,5.86
https://www.curify-ai.com/de/blog/10-prompting-tips-nano-banana,1,42,2.38%,7.57
https://www.curify-ai.com/es/nano-banana-pro-prompts/tag/women,1,42,2.38%,9.24
https://www.curify-ai.com/ko/nano-template/custom-character-card,1,41,2.44%,6.39
https://www.curify-ai.com/zh/nano-template/travel/example/template-travel-osaka,1,40,2.5%,5.42
https://www.curify-ai.com/es/blog/f5-tts-voice-cloning,1,40,2.5%,10.45
https://www.curify-ai.com/en/nano-template/book-series,1,39,2.56%,13.38
https://www.curify-ai.com/en/nano-template/mbti-generic/example/template-mbti-generic-breakingbad-lalosalamanca,1,37,2.7%,5.89
https://www.curify-ai.com/zh/nano-template/recipe,1,37,2.7%,6.19
https://www.curify-ai.com/nano-banana-pro-prompts/562,1,36,2.78%,6.19
https://www.curify-ai.com/nano-template/series-infographic,1,36,2.78%,6.81
https://www.curify-ai.com/nano-template/mbti-nba-en,1,36,2.78%,7.11
https://www.curify-ai.com/ja/nano-template/mbti-nba,1,36,2.78%,8.61
https://www.curify-ai.com/ko/nano-template/education,1,36,2.78%,11.75
https://www.curify-ai.com/ko/nano-template/portrait-retouching-blueprint,1,35,2.86%,8.74
https://www.curify-ai.com/ja/blog/what-is-infographics,1,35,2.86%,80.43
https://www.curify-ai.com/nano-template/watercolor-painting-tutorial-guide,1,34,2.94%,6.41
https://www.curify-ai.com/ja/nano-banana-pro-prompts/tag/professional,1,33,3.03%,8.39
https://www.curify-ai.com/zh/nano-template/herbal,1,32,3.12%,5.81
https://www.curify-ai.com/de/blog/f5-tts-voice-cloning,1,32,3.12%,7.34
https://www.curify-ai.com/es/tools/video-summarizer,1,32,3.12%,57.69
https://www.curify-ai.com/en/nano-banana-pro-prompts/2455,1,31,3.23%,6.16
https://www.curify-ai.com/de/blog/character-prompt-generator,1,30,3.33%,7.4
https://www.curify-ai.com/ko/bilingual-subtitles,1,29,3.45%,5.31
https://www.curify-ai.com/nano-template/character-zh,1,28,3.57%,6.79
https://www.curify-ai.com/en/nano-banana-pro-prompts/2122,1,27,3.7%,5.22
https://www.curify-ai.com/ko/nano-banana-pro-prompts/tag/architecture,1,27,3.7%,9.19
https://www.curify-ai.com/zh/nano-template/battle,1,26,3.85%,5.54
https://www.curify-ai.com/nano-banana-pro-prompts/2057,1,26,3.85%,6
https://www.curify-ai.com/en/nano-banana-pro-prompts/1190,1,25,4%,6.68
https://www.curify-ai.com/zh/nano-template/character/example/template-character-twelve-beauties-jinling,1,25,4%,8.8
https://www.curify-ai.com/zh/nano-template/character/example/template-character-baiqi,1,24,4.17%,6.83
https://www.curify-ai.com/ko/nano-template/mbti-siliconvalley,1,24,4.17%,7.21
https://www.curify-ai.com/hi/blog/image-generation-model-comparison,1,24,4.17%,8.08
https://www.curify-ai.com/tr/blog/series-infographic-vs-notebooklm,1,24,4.17%,8.62
https://www.curify-ai.com/en/nano-template/mbti-generic/example/template-mbti-generic-ai-gemini-entp,1,23,4.35%,5.22
https://www.curify-ai.com/tr/blog/best-ai-tools,1,23,4.35%,5.83
https://www.curify-ai.com/zh/nano-template/travel/example/template-travel-beijing,1,23,4.35%,5.83
https://www.curify-ai.com/ja/blog/character-prompt-generator,1,23,4.35%,7.96
https://www.curify-ai.com/ko/nano-template/character-analysis,1,23,4.35%,8.09
https://www.curify-ai.com/ko/blog/lip-sync-technical-deep-dive,1,23,4.35%,11.91
https://www.curify-ai.com/nano-banana-pro-prompts/847,1,22,4.55%,6.14
https://www.curify-ai.com/ja/blog/10-prompting-tips-video-generation,1,22,4.55%,6.32
https://www.curify-ai.com/de/tools/bilingual-subtitles,1,22,4.55%,6.91
https://www.curify-ai.com/nano-template/guofeng-scroll/example/template-guofeng-scroll-chinese-figure-water-margin,1,22,4.55%,7
https://curify-ai.com/en/nano-banana-pro-prompts/1927,1,22,4.55%,7.55
https://www.curify-ai.com/nano-template/mbti-generic/example/template-mbti-generic-naruto-narutouzumaki,1,21,4.76%,3.62
https://www.curify-ai.com/zh/nano-template/mbti-generic/example/template-mbti-generic-breaking-bad-saul-goodman,1,21,4.76%,4.24
https://www.curify-ai.com/ru/blog/series-infographic-vs-notebooklm,1,21,4.76%,8.76
https://www.curify-ai.com/zh/nano-template/fruit/example/template-fruit-blueberry,1,20,5%,6.05
https://curify-ai.com/zh/video-dubbing,1,20,5%,6.3
https://www.curify-ai.com/ko/nano-template/movie-poster,1,20,5%,7.25
https://www.curify-ai.com/zh/nano-template/fashion-ecommerce,1,19,5.26%,6.68
https://www.curify-ai.com/ko/nano-template/fashion-ecommerce,1,19,5.26%,7.11
https://www.curify-ai.com/nano-banana-pro-prompts/2510,1,19,5.26%,7.63
https://www.curify-ai.com/zh/nano-template/city-miniature/example/template-city-miniature-shanghai,1,19,5.26%,8.11
https://www.curify-ai.com/ja/nano-banana-pro-prompts/tag/athletic,1,19,5.26%,9.42
https://www.curify-ai.com/nano-template/mbti-marvel-en,1,19,5.26%,11.84
https://www.curify-ai.com/zh/nano-template/travel/example/template-travel-seoul,1,18,5.56%,5.94
https://www.curify-ai.com/nano-banana-pro-prompts/2177,1,18,5.56%,7.28
https://www.curify-ai.com/ko/nano-banana-pro-prompts/tag/hyperrealistic,1,18,5.56%,7.94
https://www.curify-ai.com/nano-template/template-book-series,1,18,5.56%,8.94
https://www.curify-ai.com/zh/nano-template/template-food,1,17,5.88%,4.47
https://www.curify-ai.com/zh/nano-template/travel/example/template-travel-pakistan,1,17,5.88%,5.47
https://www.curify-ai.com/en/nano-template/mbti-siliconvalley/example/template-mbti-siliconvalley-claude,1,17,5.88%,5.94
https://www.curify-ai.com/nano-banana-pro-prompts/3500,1,17,5.88%,6.41
https://www.curify-ai.com/ko/nano-template/template-character-comparison,1,17,5.88%,7.29
https://www.curify-ai.com/ja/nano-template/guofeng-scroll,1,17,5.88%,7.41
https://www.curify-ai.com/nano-banana-pro-prompts/tag/dreamy,1,17,5.88%,7.41
https://www.curify-ai.com/zh/nano-template/mbti-generic/example/template-mbti-generic-Marvel-Tony-Steve-Natasha-Peter,1,16,6.25%,3.56
https://www.curify-ai.com/nano-template/city-miniature,1,16,6.25%,4.5
https://www.curify-ai.com/en/nano-banana-pro-prompts/1927,1,16,6.25%,4.69
https://www.curify-ai.com/zh/nano-template/recipe/example/template-recipe-sweet-and-sour-ribs,1,16,6.25%,6.19
https://www.curify-ai.com/zh/nano-template/mbti-animal/example/template-mbti-animal-office,1,16,6.25%,6.44
"https://www.curify-ai.com/zh/nano-template/book-series/example/template-book-series-Journey-to-the-West 
1",1,16,6.25%,7
https://www.curify-ai.com/zh/nano-template/travel/example/template-travel-sanya,1,16,6.25%,7.44
https://www.curify-ai.com/ja/nano-template/mbti-siliconvalley,1,16,6.25%,8.62
https://www.curify-ai.com/ko/nano-banana-pro-prompts/tag/couple,1,16,6.25%,10.31
https://www.curify-ai.com/ko/nano-banana-pro-prompts/tag/model,1,16,6.25%,14
https://www.curify-ai.com/en/nano-banana-pro-prompts/1108,1,15,6.67%,2.93
https://www.curify-ai.com/zh/nano-template/battle/example/template-battle-sunwu-wuqi,1,15,6.67%,4
https://www.curify-ai.com/nano-banana-pro-prompts/850,1,15,6.67%,6.07
https://www.curify-ai.com/nano-template/mbti-marvel-en/example/template-mbti-marvel-en-marvel-hulk,1,15,6.67%,6.13
https://www.curify-ai.com/nano-banana-pro-prompts/tag/whimsical,1,15,6.67%,7.8
https://www.curify-ai.com/fr/nano-template/mbti-naruto,1,15,6.67%,9
https://www.curify-ai.com/ru/nano-banana-pro-prompts/3622,1,14,7.14%,4.86
https://www.curify-ai.com/zh/nano-template/mbti-generic/example/template-mbti-generic-bbt-bernadette,1,14,7.14%,5.07
https://www.curify-ai.com/nano-banana-pro-prompts/609,1,14,7.14%,6.07
https://www.curify-ai.com/nano-banana-pro-prompts/352,1,14,7.14%,6.5
https://www.curify-ai.com/ko/nano-banana-pro-prompts/tag/eerie,1,14,7.14%,6.79
https://www.curify-ai.com/ja/nano-banana-pro-prompts/tag/natural,1,14,7.14%,9.36
https://www.curify-ai.com/en/nano-banana-pro-prompts/653,1,14,7.14%,10.14
https://www.curify-ai.com/es/nano-template/series-infographic,1,14,7.14%,10.64
https://www.curify-ai.com/zh/nano-template/mbti-animal/example/template-mbti-animal-personality-isfp-estp-istp-istj,1,14,7.14%,11.29
https://www.curify-ai.com/zh/blog/what-is-infographics,1,14,7.14%,12.79
https://www.curify-ai.com/tr/blog/lip-sync-business-guide,1,14,7.14%,18.43
https://www.curify-ai.com/nano-template/mbti-generic/example/template-mbti-generic-leader-gandhi,1,13,7.69%,4.15
https://www.curify-ai.com/zh/nano-template/intangible-heritage/example/template-intangible-heritage-paper-cutting,1,13,7.69%,4.62
https://www.curify-ai.com/ko/blog/video-evaluation,1,13,7.69%,4.69
https://www.curify-ai.com/zh/blog/asl-video-translator,1,13,7.69%,5.15
https://www.curify-ai.com/zh/nano-template/cultural-relic-retro-infographic,1,13,7.69%,5.15
https://www.curify-ai.com/blog/curify-ai-growth-engine,1,13,7.69%,5.23
https://www.curify-ai.com/ko/nano-template/fruit,1,13,7.69%,6.15
https://www.curify-ai.com/ja/nano-banana-pro-prompts/tag/natural light,1,13,7.69%,8.92
"https://www.curify-ai.com/zh/nano-template/template-portrait-retouching-blueprint/example/template-portrait-retouching-blueprint-en 
2",1,13,7.69%,12.08
https://www.curify-ai.com/de/blog/video-enhancement,1,12,8.33%,3.33
https://curify-ai.com/de/nano-banana-pro-prompts/2331,1,12,8.33%,3.67
https://www.curify-ai.com/tr/blog/voice-cloning-tools,1,12,8.33%,6.67
https://www.curify-ai.com/tr/nano-template/mbti-marvel,1,12,8.33%,7.08
https://www.curify-ai.com/ko/nano-template/premium-recipe-card-infographic,1,12,8.33%,7.92
https://www.curify-ai.com/zh/blog/translate-youtube-video-to-english,1,12,8.33%,8.17
https://www.curify-ai.com/zh/nano-template/mbti-generic/example/template-mbti-generic-ThreeKingdoms-SimaYi,1,11,9.09%,3.73
https://www.curify-ai.com/nano-banana-pro-prompts/1082,1,11,9.09%,4.55
"https://www.curify-ai.com/zh/nano-template/mbti-contrast/example/template-mbti-contrast-ISFJ 
vs ENTP-farewell",1,11,9.09%,4.73
https://www.curify-ai.com/ja/nano-banana-pro-prompts/2551,1,11,9.09%,5.27
https://www.curify-ai.com/zh/nano-banana-pro-prompts/4089,1,11,9.09%,5.45
https://www.curify-ai.com/nano-template/template-fashion-ecommerce/example/template-fashion-ecommerce-zh-socks,1,11,9.09%,5.91
https://www.curify-ai.com/ru/nano-template/character-comparison,1,11,9.09%,6
https://www.curify-ai.com/nano-banana-pro-prompts/4292,1,11,9.09%,6.91
https://www.curify-ai.com/de/nano-banana-pro-prompts/2068,1,11,9.09%,7.09
https://www.curify-ai.com/fr/nano-banana-pro-prompts/1816,1,11,9.09%,7.36
https://www.curify-ai.com/hi/nano-banana-pro-prompts/2848,1,11,9.09%,7.55
https://www.curify-ai.com/nano-banana-pro-prompts/1148,1,11,9.09%,7.82
https://www.curify-ai.com/zh/nano-template/cartoon-english-vocabulary-flashcards,1,11,9.09%,9.27
https://www.curify-ai.com/hi/nano-template/child-hobby-skill,1,11,9.09%,10.09
https://www.curify-ai.com/ko/nano-banana-pro-prompts/tag/nature,1,11,9.09%,11
https://www.curify-ai.com/zh/nano-template/character/example/template-character-hanxin,1,11,9.09%,12.09
https://www.curify-ai.com/ja/nano-template/detective-conan,1,11,9.09%,13.73
https://www.curify-ai.com/zh/nano-template/character/example/template-character-kaito-kid,1,11,9.09%,15.09
"https://www.curify-ai.com/nano-template/template-word-scene/example/template-word-scene-zh-military-base 
2",1,10,10%,4.4
https://www.curify-ai.com/nano-banana-pro-prompts/1729,1,10,10%,5.1
https://www.curify-ai.com/nano-banana-pro-prompts/3803,1,10,10%,5.1
https://www.curify-ai.com/zh/nano-template/template-fruit,1,10,10%,5.2
https://www.curify-ai.com/zh/nano-template/constellation-steampunk/example/template-constellation-steampunk-gemini,1,10,10%,5.3
https://www.curify-ai.com/en/nano-banana-pro-prompts/1334,1,10,10%,5.5
https://www.curify-ai.com/es/tools/bilingual-subtitles,1,10,10%,6.1
https://www.curify-ai.com/en/nano-banana-pro-prompts/1166,1,10,10%,6.4
https://curify-ai.com/de/nano-banana-pro-prompts/1123,1,10,10%,6.8
https://www.curify-ai.com/nano-template/template-fashion-ecommerce/example/template-fashion-ecommerce-zh-jeans,1,10,10%,7.7
https://www.curify-ai.com/nano-banana-pro-prompts/tag/warm,1,10,10%,9.1
https://www.curify-ai.com/ru/topics/personality,1,10,10%,11.7
https://curify-ai.com/ko/nano-banana-pro-prompts/948,1,9,11.11%,4.22
https://www.curify-ai.com/ja/blog/asl-video-translator,1,9,11.11%,5.22
https://curify-ai.com/de/nano-banana-pro-prompts/1927,1,9,11.11%,5.33
https://www.curify-ai.com/zh/nano-template/mbti-generic/example/template-mbti-generic-HongLouMeng-XueBaochai,1,9,11.11%,5.78
https://www.curify-ai.com/zh/nano-template/travel/example/template-travel-bangkok,1,9,11.11%,5.78
https://www.curify-ai.com/use-cases/for-esl-learners,1,9,11.11%,5.89
"https://www.curify-ai.com/ja/nano-template/mbti-contrast/example/template-mbti-contrast-ESTJ 
vs INTP-high-speed-rail",1,9,11.11%,6.11
https://www.curify-ai.com/es/nano-template/movie-poster,1,9,11.11%,6.44
https://www.curify-ai.com/nano-banana-pro-prompts/2141,1,9,11.11%,7.11
https://www.curify-ai.com/ja/nano-banana-pro-prompts/tag/casual,1,9,11.11%,7.89
https://www.curify-ai.com/hi/blog,1,9,11.11%,8.56
https://www.curify-ai.com/ko/nano-banana-pro-prompts/tag/mirror selfie,1,9,11.11%,9
https://www.curify-ai.com/ja/nano-banana-pro-prompts/3292,1,9,11.11%,10
https://www.curify-ai.com/nano-template/series-travel/example/template-series-travel-thailand-02,1,8,12.5%,2.38
https://www.curify-ai.com/de/nano-banana-pro-prompts/1298,1,8,12.5%,3.12
https://www.curify-ai.com/ko/nano-template/weather,1,8,12.5%,3.75
https://www.curify-ai.com/en/nano-template/template-species-zh,1,8,12.5%,4
https://www.curify-ai.com/nano-banana-pro-prompts/2048,1,8,12.5%,4.88
https://www.curify-ai.com/zh/nano-template/travel/example/template-travel-spain,1,8,12.5%,5.25
https://www.curify-ai.com/ko/nano-template/template-portrait-retouching-blueprint,1,8,12.5%,5.5
https://www.curify-ai.com/zh/nano-template/mbti-generic/example/template-mbti-generic-friends-chandler,1,8,12.5%,6.12
https://www.curify-ai.com/nano-template/template-fashion-ecommerce/example/template-fashion-ecommerce-zh-shoes,1,8,12.5%,6.25
https://www.curify-ai.com/ja/nano-banana-pro-prompts/tag/seasonal,1,8,12.5%,6.75
https://www.curify-ai.com/en/nano-banana-pro-prompts/1301,1,8,12.5%,7.12
https://www.curify-ai.com/ko/blog/content-tagging-system,1,8,12.5%,7.75
https://www.curify-ai.com/ko/nano-banana-pro-prompts/tag/collage,1,8,12.5%,8.88
https://www.curify-ai.com/ru/tools/video-dubbing,1,8,12.5%,13.62
https://www.curify-ai.com/blog/ultimate-directory-of-nano-banana-prompts,1,8,12.5%,25.5
https://www.curify-ai.com/nano-template/mbti-generic/example/template-mbti-generic-breakingbad-lydiarodartequayle,1,7,14.29%,2.86
https://www.curify-ai.com/en/nano-banana-pro-prompts/3101,1,7,14.29%,3.29
https://www.curify-ai.com/en/nano-template/mbti-generic/example/template-mbti-generic-gameofthrones-jon,1,7,14.29%,4.14
https://www.curify-ai.com/zh/nano-template/education-card/example/template-education-card-running-guide,1,7,14.29%,4.86
https://www.curify-ai.com/zh/nano-template/education-card/example/template-education-card-Genetics-and-Heredity,1,7,14.29%,5.29
https://www.curify-ai.com/zh/nano-template/herbal/example/template-herbal-forsythia,1,7,14.29%,5.86
https://www.curify-ai.com/nano-banana-pro-prompts/1194,1,7,14.29%,6.57
https://www.curify-ai.com/nano-banana-pro-prompts/tag/romantic,1,7,14.29%,7.57
https://www.curify-ai.com/zh/nano-template/education-card/example/template-education-low-carbon,1,7,14.29%,7.71
https://www.curify-ai.com/nano-template/weather/example/template-weather-wuhan,1,7,14.29%,7.86
https://www.curify-ai.com/en/nano-template/mbti-breakingbad/example/template-mbti-breakingbad-kim-wexler,1,7,14.29%,8
https://www.curify-ai.com/en/nano-template/ethnic-costume-deconstruction-board,1,7,14.29%,9
https://www.curify-ai.com/en/nano-template/friends-character-mbti/example/template-friends-character-mbti-richard-burke,1,7,14.29%,9.14
https://www.curify-ai.com/ko/nano-banana-pro-prompts/tag/Architecture,1,7,14.29%,9.71
https://www.curify-ai.com/ru/nano-template/mood-board-interior-designgenerator,1,7,14.29%,11.43
https://www.curify-ai.com/zh/nano-template/travel/example/template-travel-lhasa,1,6,16.67%,3.33
https://curify-ai.com/tr/nano-banana-pro-prompts/164,1,6,16.67%,3.83
https://www.curify-ai.com/ko/nano-banana-pro-prompts/tag/alluring,1,6,16.67%,4
https://www.curify-ai.com/de/nano-banana-pro-prompts/593,1,6,16.67%,4.67
https://www.curify-ai.com/en/nano-banana-pro-prompts/tag/confident,1,6,16.67%,5.5
https://www.curify-ai.com/ko/nano-banana-pro-prompts/tag/sophisticated,1,6,16.67%,5.67
https://www.curify-ai.com/en/nano-banana-pro-prompts/3896,1,6,16.67%,5.83
https://www.curify-ai.com/ko/nano-template/artist-biography-infographic,1,6,16.67%,5.83
https://curify-ai.com/en/nano-banana-pro-prompts/167,1,6,16.67%,6.17
https://www.curify-ai.com/nano-banana-pro-prompts/2687,1,6,16.67%,6.67
https://curify-ai.com/tr/nano-banana-pro-prompts/3993,1,6,16.67%,6.83
https://www.curify-ai.com/en/nano-banana-pro-prompts/179,1,6,16.67%,7.17
https://www.curify-ai.com/ko/nano-template/travel/example/template-travel-xishuangbanna,1,6,16.67%,7.17
https://www.curify-ai.com/en/nano-banana-pro-prompts/3845,1,6,16.67%,7.5
https://www.curify-ai.com/hi/nano-banana-pro-prompts/tag/bedroom,1,6,16.67%,7.67
https://www.curify-ai.com/ja/nano-template/character/example/template-character-detective-conan-shinichi-kudo,1,6,16.67%,8
https://www.curify-ai.com/nano-template/template-character-zh/example/template-character-zh-detective-conan-shinichi-kudo,1,6,16.67%,8.17
https://www.curify-ai.com/ko/blog/mbti-character-generator,1,6,16.67%,9.17
https://www.curify-ai.com/ko/nano-banana-pro-prompts/3165,1,6,16.67%,10
https://www.curify-ai.com/zh/nano-template/sports-battle/example/template-sports-battle-lebron-karlmalone,1,6,16.67%,11.5
https://www.curify-ai.com/ja/nano-banana-pro-prompts/tag/infographic,1,6,16.67%,17.67
https://www.curify-ai.com/zh/nano-template/education-card/example/template-education-card-human-body,1,5,20%,1
https://www.curify-ai.com/ru/nano-banana-pro-prompts/3835,1,5,20%,2
https://www.curify-ai.com/tr/nano-banana-pro-prompts/195,1,5,20%,2
https://www.curify-ai.com/nano-template/mbti-nba/example/template-mbti-nba-kylianmbappe,1,5,20%,2.2
"https://www.curify-ai.com/en/nano-template/portrait-retouching-blueprint/example/template-portrait-retouching-blueprint-en 
5",1,5,20%,2.8
https://www.curify-ai.com/ru/nano-banana-pro-prompts/684,1,5,20%,2.8
https://www.curify-ai.com/zh/nano-template/mbti-generic/example/template-mbti-generic-bbt-howard,1,5,20%,2.8
https://www.curify-ai.com/en/nano-template/character/example/template-character-kaito-kid,1,5,20%,3.2
https://www.curify-ai.com/nano-template/mbti-marvel-en/example/template-mbti-marvel-en-marvel-groot,1,5,20%,3.2
https://www.curify-ai.com/zh/nano-template/word-scene/example/template-word-scene-family-waterpark,1,5,20%,3.2
https://www.curify-ai.com/en/nano-template/template-education-card,1,5,20%,3.6
https://www.curify-ai.com/nano-template/template-food/example/template-food-italian-pasta,1,5,20%,3.8
https://www.curify-ai.com/zh/nano-template/mbti-generic/example/template-mbti-generic-myth-enfp-enfj-infp-infj,1,5,20%,3.8
https://www.curify-ai.com/fr/tools/bilingual-subtitles,1,5,20%,4.6
https://www.curify-ai.com/ru/nano-template/template-word-scene,1,5,20%,5
https://www.curify-ai.com/zh/nano-template/mbti-generic/example/template-mbti-generic-ai-founders-elon,1,5,20%,5.2
https://curify-ai.com/hi/nano-banana-pro-prompts/3688,1,5,20%,5.4
https://www.curify-ai.com/nano-banana-pro-prompts/585,1,5,20%,5.4
https://www.curify-ai.com/zh/nano-banana-pro-prompts/1336,1,5,20%,5.6
https://www.curify-ai.com/es/nano-template/mbti-siliconvalley,1,5,20%,5.8
https://www.curify-ai.com/fr/nano-banana-pro-prompts/3876,1,5,20%,5.8
https://www.curify-ai.com/nano-template/character/example/template-character-sakura-haruno,1,5,20%,5.8
https://www.curify-ai.com/zh/nano-template/watercolor-painting-tutorial-guide,1,5,20%,5.8
https://www.curify-ai.com/es/nano-banana-pro-prompts/3006,1,5,20%,6
https://www.curify-ai.com/ru/nano-banana-pro-prompts/2401,1,5,20%,6
https://www.curify-ai.com/zh/nano-template/intangible-heritage/example/template-intangible-heritage-anshun-opera,1,5,20%,6
https://www.curify-ai.com/nano-banana-pro-prompts/2465,1,5,20%,6.2
https://www.curify-ai.com/ko/nano-template/sports-battle/example/template-sports-battle-magic-stockton,1,5,20%,6.4
https://www.curify-ai.com/en/nano-template/recipe-zh,1,5,20%,6.8
"https://www.curify-ai.com/nano-template/template-word-scene/example/template-word-scene-zh-military-base 
1",1,5,20%,6.8
https://www.curify-ai.com/fr/nano-template/custom-character-card,1,5,20%,7
https://www.curify-ai.com/nano-banana-pro-prompts/3355,1,5,20%,7
https://www.curify-ai.com/zh/nano-template/hotspot-card-zh,1,5,20%,7
https://www.curify-ai.com/ko/nano-template/native-english-expressions,1,5,20%,7.2
https://www.curify-ai.com/zh/nano-template/education-card/example/template-education-card-Chemical-Reactions,1,5,20%,7.8
https://www.curify-ai.com/es/blog/mbti-character-generator,1,5,20%,8
https://www.curify-ai.com/fr/nano-template/mbti-breakingbad,1,5,20%,8.2
https://www.curify-ai.com/es/nano-banana-pro-prompts/tag/friends,1,5,20%,9
https://www.curify-ai.com/ko/topics/portrait,1,5,20%,9.6
https://www.curify-ai.com/de/nano-banana-pro-prompts/3822,1,5,20%,9.8
https://www.curify-ai.com/ru/nano-banana-pro-prompts/2636,1,5,20%,9.8
https://www.curify-ai.com/nano-template/template-word-scene/example/template-word-scene-doctor-hospital,1,5,20%,10
https://www.curify-ai.com/hi/nano-template/template-character-zh,1,5,20%,12.6
https://www.curify-ai.com/zh/nano-template/hotspot-card/example/template-hotspot-card-solid-state-battery,1,5,20%,13.2
https://curify-ai.com/ja/nano-banana-pro-prompts/627,1,5,20%,21.8
https://www.curify-ai.com/nano-template/recipe/example/template-recipe-buddha-jumps-over-the-wall,1,5,20%,23.4
https://curify-ai.com/fr/nano-banana-pro-prompts,1,5,20%,28.8
https://www.curify-ai.com/zh/nano-template/mbti-generic/example/template-mbti-generic-friends-phoebe,1,4,25%,2
https://www.curify-ai.com/nano-template/what-if-history/example/template-what-if-history-roman-han,1,4,25%,2.5
https://www.curify-ai.com/nano-template/mbti-nba/example/template-mbti-nba-neymarjr,1,4,25%,3.25
https://www.curify-ai.com/nano-banana-pro-prompts/219,1,4,25%,3.5
https://www.curify-ai.com/zh/nano-template/species-science/example/template-species-science-snow-leopard,1,4,25%,3.5
https://www.curify-ai.com/es/nano-template/english-dialogue-scene,1,4,25%,3.75
https://www.curify-ai.com/zh/nano-template/template-hot-event-analysis-zh,1,4,25%,4.75
https://www.curify-ai.com/nano-template/template-word-scene/example/template-word-scene-zh-chef-kitchen,1,4,25%,5.25
https://www.curify-ai.com/nano-template/interior-design-mood-board-generator,1,4,25%,5.5
https://www.curify-ai.com/nano-template/mbti-marvel/example/template-mbti-marvel-phastos,1,4,25%,5.5
https://www.curify-ai.com/topics/comparison,1,4,25%,5.5
https://www.curify-ai.com/nano-banana-pro-prompts/3096,1,4,25%,5.75
https://www.curify-ai.com/nano-template/mbti-generic/example/template-mbti-generic-ai-copilot-istj,1,4,25%,5.75
https://www.curify-ai.com/en/nano-template/mbti-generic/example/template-mbti-generic-employee-entj,1,4,25%,6.25
https://www.curify-ai.com/es/nano-banana-pro-prompts/967,1,4,25%,6.75
https://www.curify-ai.com/ko/nano-banana-pro-prompts/tag/natural,1,4,25%,7
https://curify-ai.com/en/nano-banana-pro-prompts/541,1,4,25%,7.5
https://www.curify-ai.com/nano-banana-pro-prompts/590,1,4,25%,7.5
https://www.curify-ai.com/tr/nano-template/series-infographic,1,4,25%,7.5
https://www.curify-ai.com/fr/blog/asl-video-translator,1,4,25%,8
https://www.curify-ai.com/es/nano-banana-pro-prompts/1073,1,4,25%,9
https://www.curify-ai.com/tr/nano-banana-pro-prompts/3912,1,4,25%,9.5
https://www.curify-ai.com/de/nano-banana-pro-prompts/2678,1,4,25%,9.75
https://www.curify-ai.com/nano-template/vocabulary/example/template-vocabulary-weather,1,4,25%,10.75
https://www.curify-ai.com/nano-banana-pro-prompts/831,1,4,25%,12.25
https://www.curify-ai.com/fr/nano-banana-pro-prompts/tag/Fashion Photography,1,4,25%,16.25
https://www.curify-ai.com/es/nano-banana-pro-prompts/tag/alluring,1,4,25%,28.75
https://www.curify-ai.com/nano-template/mbti-siliconvalley/example/template-mbti-siliconvalley-founder,1,3,33.33%,1
https://www.curify-ai.com/en/nano-template/education-card/example/template-education-card-training-types,1,3,33.33%,1.67
https://www.curify-ai.com/zh/nano-template/mbti-generic/example/template-mbti-generic-HongLouMeng-Miaoyu,1,3,33.33%,1.67
https://www.curify-ai.com/ko/nano-template/cartoon-english-vocabulary-flashcards,1,3,33.33%,2
https://www.curify-ai.com/fr/nano-banana-pro-prompts/2541,1,3,33.33%,2.67
https://www.curify-ai.com/nano-template/word-origins-map-infographic,1,3,33.33%,2.67
https://www.curify-ai.com/en/nano-template/mbti-generic/example/template-mbti-generic-bigbangtheory-beverlyhofstadter,1,3,33.33%,3
https://www.curify-ai.com/ko/nano-banana-pro-prompts/tag/monochrome,1,3,33.33%,3
https://curify-ai.com/ru/nano-banana-pro-prompts/1786,1,3,33.33%,3.67
https://www.curify-ai.com/ja/nano-banana-pro-prompts/4316,1,3,33.33%,3.67
https://www.curify-ai.com/ko/nano-template/east-asian-culture-comparison-infographic,1,3,33.33%,4
https://www.curify-ai.com/en/nano-template/education-card/example/template-education-card-collision-physics,1,3,33.33%,4.33
https://www.curify-ai.com/hi/nano-banana-pro-prompts/2660,1,3,33.33%,4.67
https://www.curify-ai.com/nano-template/poetry-ink-wash-illustration/example/template-poetry-ink-wash-illustration-on-the-bird-tower,1,3,33.33%,4.67
https://www.curify-ai.com/zh/nano-template/travel/example/template-travel-mumbai,1,3,33.33%,4.67
https://www.curify-ai.com/nano-banana-pro-prompts/1166,1,3,33.33%,5
https://www.curify-ai.com/de/nano-banana-pro-prompts/1310,1,3,33.33%,5.33
https://www.curify-ai.com/fr/blog/series-infographic-vs-notebooklm,1,3,33.33%,5.33
https://www.curify-ai.com/nano-template/mbti-breakingbad/example/template-mbti-breakingbad-hankschrader,1,3,33.33%,5.33
https://www.curify-ai.com/tr/nano-banana-pro-prompts/336,1,3,33.33%,5.33
https://www.curify-ai.com/nano-banana-pro-prompts/2508,1,3,33.33%,5.67
https://www.curify-ai.com/nano-banana-pro-prompts/3892,1,3,33.33%,5.67
https://www.curify-ai.com/nano-template/mbti-naruto/example/template-mbti-naruto-naruto,1,3,33.33%,5.67
https://www.curify-ai.com/nano-banana-pro-prompts/4175,1,3,33.33%,6
https://www.curify-ai.com/tr/nano-template/recipe,1,3,33.33%,6
https://www.curify-ai.com/nano-template/guofeng-scroll/example/template-guofeng-scroll-twelve-beauties-jinling,1,3,33.33%,6.33
https://www.curify-ai.com/ko/nano-template/template-education-card,1,3,33.33%,6.67
https://www.curify-ai.com/ru/nano-banana-pro-prompts/4316,1,3,33.33%,6.67
https://curify-ai.com/zh/nano-banana-pro-prompts/2739,1,3,33.33%,7
https://www.curify-ai.com/nano-template/pet-safe-human-food-infographic/example/template-pet-safe-human-food-infographic-cat,1,3,33.33%,7
https://www.curify-ai.com/es/nano-banana-pro-prompts/tag/athletic,1,3,33.33%,7.33
https://www.curify-ai.com/en/nano-banana-pro-prompts/168,1,3,33.33%,8.67
https://www.curify-ai.com/nano-template/mbti-siliconvalley/example/template-mbti-generic-ai-founders-dario,1,3,33.33%,8.67
https://www.curify-ai.com/es/nano-banana-pro-prompts/2002,1,3,33.33%,9.33
https://www.curify-ai.com/en/nano-banana-pro-prompts/3677,1,3,33.33%,10
https://www.curify-ai.com/de/nano-banana-pro-prompts/tag/photorealistic,1,3,33.33%,10.33
https://www.curify-ai.com/hi/nano-banana-pro-prompts/495,1,3,33.33%,11
https://www.curify-ai.com/ja/nano-banana-pro-prompts/tag/architecture,1,3,33.33%,14.67
https://curify-ai.com/ja,1,2,50%,1
https://www.curify-ai.com/fr/nano-template/cultural-relic-retro-infographic,1,2,50%,1
https://www.curify-ai.com/zh/nano-template/group-vocab-category,1,2,50%,1
https://www.curify-ai.com/en/nano-banana-pro-prompts/5,1,2,50%,1.5
https://www.curify-ai.com/es/nano-banana-pro-prompts/4187,1,2,50%,1.5
https://www.curify-ai.com/ko/nano-template/historical-event-map-illustration,1,2,50%,2
https://www.curify-ai.com/nano-template/mbti-generic/example/template-mbti-generic-employee-estj,1,2,50%,2
https://www.curify-ai.com/ru/nano-banana-pro-prompts/4262,1,2,50%,2
https://www.curify-ai.com/en/nano-template/mbti-siliconvalley/example/template-mbti-siliconvalley-visionary,1,2,50%,2.5
https://www.curify-ai.com/es,1,2,50%,2.5
https://www.curify-ai.com/es/nano-banana-pro-prompts/3702,1,2,50%,2.5
https://www.curify-ai.com/tr/nano-banana-pro-prompts/4190,1,2,50%,2.5
https://www.curify-ai.com/en/nano-template/travel/example/template-travel-phuket,1,2,50%,3.5
https://www.curify-ai.com/ja/nano-banana-pro-prompts/2037,1,2,50%,3.5
https://www.curify-ai.com/ko/nano-banana-pro-prompts/755,1,2,50%,3.5
https://www.curify-ai.com/es/nano-banana-pro-prompts/3615,1,2,50%,4
https://www.curify-ai.com/es/nano-template/architecture/example/template-architecture-oriental-pearl-tower,1,2,50%,4
https://www.curify-ai.com/es/nano-template/sports-battle/example/template-sports-battle-kobe-rayallen,1,2,50%,4
https://www.curify-ai.com/ru/nano-template/herbal,1,2,50%,4
https://www.curify-ai.com/en/nano-banana-pro-prompts/2182,1,2,50%,4.5
https://www.curify-ai.com/tr/nano-template/food,1,2,50%,5.5
https://www.curify-ai.com/fr/nano-banana-pro-prompts/2427,1,2,50%,6
https://www.curify-ai.com/nano-banana-pro-prompts/1437,1,2,50%,6
https://www.curify-ai.com/nano-banana-pro-prompts/990,1,2,50%,6
https://curify-ai.com/ru/nano-banana-pro-prompts/2486,1,2,50%,6.5
https://www.curify-ai.com/de/nano-banana-pro-prompts/2263,1,2,50%,6.5
https://www.curify-ai.com/ja/topics/anime,1,2,50%,6.5
https://www.curify-ai.com/tr/nano-template/whimsical-travel-map,1,2,50%,6.5
https://www.curify-ai.com/de/nano-banana-pro-prompts/1369,1,2,50%,7
https://www.curify-ai.com/de/nano-banana-pro-prompts/1859,1,2,50%,7
https://www.curify-ai.com/ja/nano-template/travel/example/template-travel-sanya,1,2,50%,7
https://www.curify-ai.com/nano-banana-pro-prompts/696,1,2,50%,7
https://www.curify-ai.com/zh/nano-template/mbti-contrast/example/template-mbti-spring-festival-ISFJ-vs-ENTP-farewell,1,2,50%,7
https://www.curify-ai.com/ko/nano-banana-pro-prompts/3041,1,2,50%,7.5
https://www.curify-ai.com/ko/nano-template/varieties-food-poster,1,2,50%,7.5
https://www.curify-ai.com/ja/topics/architecture,1,2,50%,8
https://www.curify-ai.com/ru/topics/dialogue,1,2,50%,8.5
"https://www.curify-ai.com/zh/nano-template/mbti-animal/example/template-mbti-animal-supermarket 
5",1,2,50%,8.5
https://www.curify-ai.com/ko/nano-banana-pro-prompts/tag/ultra realistic,1,2,50%,9.5
https://www.curify-ai.com/nano-banana-pro-prompts/190,1,2,50%,9.5
https://www.curify-ai.com/zh/nano-template/template-hotspot-card-zh,1,2,50%,9.5
https://www.curify-ai.com/en/nano-template/vocabulary/example/template-vocabulary-banana-ripeness,1,2,50%,10.5
https://www.curify-ai.com/hi/nano-banana-pro-prompts/3942,1,2,50%,11
https://www.curify-ai.com/tr/nano-banana-pro-prompts/931,1,2,50%,11.5
https://www.curify-ai.com/nano-template/mbti-generic/example/template-mbti-generic-en-bigbangtheory-beverlyhofstadter,1,2,50%,20
https://www.curify-ai.com/fr/nano-template/travel-packing-guide-infographic,1,2,50%,30.5
https://curify-ai.com/fr/nano-banana-pro-prompts/3007,1,1,100%,1
https://curify-ai.com/ru/nano-banana-pro-prompts/2991,1,1,100%,1
https://curify-ai.com/ru/nano-banana-pro-prompts/3835,1,1,100%,1
https://curify-ai.com/zh/nano-banana-pro-prompts/3866,1,1,100%,1
https://www.curify-ai.com/de/nano-banana-pro-prompts/936,1,1,100%,1
https://www.curify-ai.com/en/nano-banana-pro-prompts/812,1,1,100%,1
https://www.curify-ai.com/es/nano-banana-pro-prompts/tag/elegant,1,1,100%,1
https://www.curify-ai.com/ja/nano-banana-pro-prompts/4170,1,1,100%,1
https://www.curify-ai.com/ja/nano-template/city-miniature/example/template-city-miniature-beijing,1,1,100%,1
https://www.curify-ai.com/nano-banana-pro-prompts/2815,1,1,100%,1
https://www.curify-ai.com/nano-template/3d-region-landmark-map/example/template-3d-region-landmark-map-india,1,1,100%,1
https://www.curify-ai.com/nano-template/pet-safe-human-food-infographic/carousel/template-pet-safe-human-food-infographic-guinea-pig,1,1,100%,1
https://www.curify-ai.com/zh/nano-template/cultural-relic/example/template-cultural-relic-dunhuang-mogao-grottoes,1,1,100%,1
https://www.curify-ai.com/ja/nano-banana-pro-prompts/1535,1,1,100%,2
https://www.curify-ai.com/nano-banana-pro-prompts/3577,1,1,100%,2
https://www.curify-ai.com/nano-template/friends-character-mbti/example/template-friends-character-mbti-ross-geller,1,1,100%,2
https://www.curify-ai.com/zh/nano-template/word-scene/example/template-word-scene-student-laboratory,1,1,100%,2
https://www.curify-ai.com/en/nano-banana-pro-prompts/339,1,1,100%,3
https://www.curify-ai.com/nano-banana-pro-prompts/2223,1,1,100%,3
https://www.curify-ai.com/nano-banana-pro-prompts/2313,1,1,100%,3
https://www.curify-ai.com/nano-template/mbti-marvel/example/template-mbti-marvel-carnage,1,1,100%,3
https://www.curify-ai.com/nano-template/mbti-nba/example/template-mbti-nba-kareem-abdul-jabbar,1,1,100%,3
https://www.curify-ai.com/nano-template/whimsical-travel-map/example/template-whimsical-travel-map-australia,1,1,100%,3
https://www.curify-ai.com/tr/nano-banana-pro-prompts/1420,1,1,100%,3
https://www.curify-ai.com/zh/nano-template/mbti-generic/example/template-mbti-generic-employee-estj,1,1,100%,3
https://curify-ai.com/de/nano-banana-pro-prompts/2089,1,1,100%,4
https://www.curify-ai.com/en/nano-banana-pro-prompts/2066,1,1,100%,4
https://www.curify-ai.com/es/nano-template/interior-design-mood-board-generator,1,1,100%,4
https://www.curify-ai.com/ko/nano-banana-pro-prompts/2249,1,1,100%,4
https://curify-ai.com/de/nano-banana-pro-prompts/691,1,1,100%,6
https://curify-ai.com/en/nano-banana-pro-prompts/2226,1,1,100%,6
https://www.curify-ai.com/nano-template/friends-character-mbti/example/template-friends-character-mbti-joey-tribbiani,1,1,100%,6
https://www.curify-ai.com/zh/nano-template/weird-cold-knowledge-popular-science-card,1,1,100%,6
https://www.curify-ai.com/en/nano-banana-pro-prompts/4165,1,1,100%,7
https://www.curify-ai.com/nano-template/mbti-marvel/example/template-mbti-marvel-cyclops,1,1,100%,7
https://www.curify-ai.com/tr/blog/video-evaluation,1,1,100%,7
https://www.curify-ai.com/zh/nano-banana-pro-prompts/1476,1,1,100%,7
https://www.curify-ai.com/de/nano-banana-pro-prompts/1017,1,1,100%,8
https://www.curify-ai.com/en/nano-banana-pro-prompts/2885,1,1,100%,8
https://www.curify-ai.com/fr/nano-banana-pro-prompts/1864,1,1,100%,8
https://curify-ai.com/es/nano-banana-pro-prompts/126,1,1,100%,10
https://www.curify-ai.com/nano-banana-pro-prompts/tag/monochrome,1,1,100%,10
https://www.curify-ai.com/es/nano-banana-pro-prompts/1543,1,1,100%,12
https://www.curify-ai.com/nano-template/english-error-correction,1,1,100%,13
"https://www.curify-ai.com/zh/nano-template/mbti-animal/example/template-mbti-animal-supermarket 
3",1,1,100%,16
https://www.curify-ai.com/zh/nano-template/hotspot-card/example/template-hotspot-card-middle-east-situation,1,1,100%,21
https://www.curify-ai.com/zh/nano-template/species-science/example/template-species-science-protobothrops-mangshanensis,1,1,100%,22
https://curify-ai.com/hi/nano-banana-pro-prompts/3058,1,1,100%,31
https://www.curify-ai.com/nano-template/series-infographic/example/template-series-infographic-sora-08,1,1,100%,44
https://www.curify-ai.com/nano-template/mbti-generic/example/template-mbti-generic-en-siliconvalley-huang,1,1,100%,58
https://www.curify-ai.com/blog/what-is-voice-cloning,0,1933,0%,11.81
https://www.curify-ai.com/blog/10-prompting-tips-video-generation,0,1251,0%,8.16
https://www.curify-ai.com/nano-banana-pro-prompts/tag/east asian,0,986,0%,6.61
https://www.curify-ai.com/blog/voice-cloning-tools,0,913,0%,6.76
https://www.curify-ai.com/blog/lip-sync-technical-deep-dive,0,879,0%,8.38
https://www.curify-ai.com/ja/blog/how-to-dub-videos-naturally,0,841,0%,6.75
https://www.curify-ai.com/zh/blog/what-is-voice-cloning,0,839,0%,7.66
https://www.curify-ai.com/blog/translate-youtube-video,0,745,0%,7.18
https://www.curify-ai.com/zh/blog/image-generation-model-comparison,0,714,0%,5.52
https://www.curify-ai.com/blog/evolution-timelines-visualization,0,412,0%,6.46
https://www.curify-ai.com/es/blog/image-generation-model-comparison,0,338,0%,7.48
https://www.curify-ai.com/hi/nano-banana-pro-prompts/2650,0,310,0%,6.08
https://www.curify-ai.com/zh/nano-template/mbti-contrast/example/template-mbti-contrast-love-INFP-vs-ESTP-confession,0,310,0%,7.69
https://www.curify-ai.com/es/blog/what-is-voice-cloning,0,288,0%,8.82
https://www.curify-ai.com/nano-banana-pro-prompts/tag/golden hour,0,255,0%,6.47
https://www.curify-ai.com/blog/video-transcription-technical-deep-dive,0,242,0%,7.88
https://www.curify-ai.com/nano-banana-pro-prompts/1033,0,227,0%,8.06
https://www.curify-ai.com/hi/blog/best-ai-tools,0,206,0%,6.75
https://www.curify-ai.com/nano-template/mbti-yellowstone,0,201,0%,6.91
https://www.curify-ai.com/nano-banana-pro-prompts/703,0,190,0%,5.67
https://www.curify-ai.com/es/blog/translate-youtube-video,0,178,0%,28.1
https://www.curify-ai.com/ja/blog/image-generation-model-comparison,0,175,0%,9.38
https://www.curify-ai.com/es/blog/ai-youtube-video-translator,0,165,0%,9.34
https://www.curify-ai.com/blog/lip-sync-business-guide,0,156,0%,9.42
https://www.curify-ai.com/blog/best-ai-tools,0,149,0%,7.67
https://www.curify-ai.com/blog/chinese-herbal-medicine-visual-guide,0,146,0%,8.35
https://www.curify-ai.com/hi/tools/video-dubbing,0,143,0%,9.67
https://www.curify-ai.com/tools,0,138,0%,5.44
https://www.curify-ai.com/nano-template/animation-studio-comparison-infographic/example/template-animation-studio-comparison-infographic-ghibli-vs-mappa,0,138,0%,6.12
https://www.curify-ai.com/blog/how-to-dub-videos-naturally,0,131,0%,6.63
https://www.curify-ai.com/blog/chinese-costume-history-infographic,0,131,0%,9.3
https://www.curify-ai.com/zh/nano-template/solar-term/example/template-solar-term-lichun,0,126,0%,3.27
https://www.curify-ai.com/zh/nano-template/weather,0,126,0%,4.86
https://www.curify-ai.com/blog/ae-vs-comfyui,0,125,0%,7.94
https://www.curify-ai.com/zh/nano-template/mbti-animal/example/template-mbti-animal-annual-concert,0,119,0%,8.34
https://www.curify-ai.com/ru/blog/image-generation-model-comparison,0,117,0%,7.21
https://www.curify-ai.com/blog/visual-learning-tools,0,114,0%,10.9
https://www.curify-ai.com/nano-banana-pro-prompts/1171,0,111,0%,7.05
https://www.curify-ai.com/en/nano-banana-pro-prompts,0,110,0%,7.51
https://www.curify-ai.com/zh/blog/translate-youtube-video,0,106,0%,5.61
https://www.curify-ai.com/nano-banana-pro-prompts/3035,0,96,0%,7.36
https://curify-ai.com/ko/nano-banana-pro-prompts/126,0,93,0%,6.16
https://www.curify-ai.com/nano-template/sports-battle,0,90,0%,6.29
https://www.curify-ai.com/nano-banana-pro-prompts/1058,0,88,0%,4.94
https://www.curify-ai.com/zh/nano-template/mbti-yellowstone/example/template-mbti-yellowstone-walker,0,86,0%,8.22
https://www.curify-ai.com/nano-template/mbti-animal/example/template-mbti-animal-gym,0,86,0%,8.37
https://www.curify-ai.com/de/blog/ai-youtube-video-translator,0,84,0%,8.64
https://www.curify-ai.com/de/blog/10-prompting-tips-video-generation,0,83,0%,8.33
https://www.curify-ai.com/zh/nano-template/mbti-yellowstone/example/template-mbti-yellowstone-bethdutton,0,81,0%,8.14
https://www.curify-ai.com/nano-banana-pro-prompts/2068,0,76,0%,6.84
https://www.curify-ai.com/nano-template/template-character-zh/example/template-character-zh-wuzetian,0,75,0%,4.97
https://www.curify-ai.com/nano-banana-pro-prompts/173,0,75,0%,5.55
https://www.curify-ai.com/blog/content-tagging-system,0,73,0%,11.63
https://www.curify-ai.com/nano-banana-pro-prompts/1089,0,72,0%,4.99
https://www.curify-ai.com/nano-template/book-series,0,72,0%,5.75
https://www.curify-ai.com/nano-template/poetry-ink-wash-illustration,0,71,0%,11.75
https://www.curify-ai.com/ko/blog/nano-banana-dedicated,0,70,0%,16.03
https://www.curify-ai.com/nano-banana-pro-prompts/1276,0,69,0%,5.58
https://www.curify-ai.com/tr/tools/video-dubbing,0,69,0%,41.61
https://www.curify-ai.com/ko/nano-banana-pro-prompts/449,0,68,0%,3.47
https://cdn.curify-ai.com/images/Picturecompare.webp,0,68,0%,23.93
https://www.curify-ai.com/es/blog/voice-cloning-tools,0,67,0%,6.97
https://www.curify-ai.com/nano-template/mbti-siliconvalley-en,0,67,0%,6.99
https://www.curify-ai.com/ru/blog/best-ai-tools,0,66,0%,6
https://www.curify-ai.com/zh/blog/chinese-costume-history-infographic,0,66,0%,6.97
https://www.curify-ai.com/nano-template/mbti-generic/example/template-mbti-generic-ai-en-claude-infj,0,64,0%,7.83
https://www.curify-ai.com/zh/nano-template/mbti-generic/example/template-mbti-generic-HongLouMeng-JiaBaoyu,0,64,0%,8.27
https://www.curify-ai.com/fr/blog/what-is-voice-cloning,0,64,0%,8.28
https://www.curify-ai.com/blog/viral-learning-content,0,61,0%,4.34
https://www.curify-ai.com/ru/nano-template/mbti-yellowstone/example/template-mbti-yellowstone-johndutton,0,61,0%,4.95
https://www.curify-ai.com/nano-banana-pro-prompts/tag/selfie,0,60,0%,7.07
https://www.curify-ai.com/es/blog/10-prompting-tips-nano-banana,0,60,0%,7.9
https://www.curify-ai.com/en/nano-template/character/example/template-character-academic-zhu-bajie,0,59,0%,2.1
https://www.curify-ai.com/blog/series-infographic-vs-notebooklm,0,59,0%,6.85
https://www.curify-ai.com/nano-banana-pro-prompts/3801,0,58,0%,6.6
https://www.curify-ai.com/nano-banana-pro-prompts/3495,0,57,0%,6.72
https://www.curify-ai.com/en/nano-template/mbti-generic/example/template-mbti-generic-spring-festival-INTJ-vs-ESTP-high-speed-rail,0,57,0%,8.82
https://www.curify-ai.com/ko/nano-banana-pro-prompts/tag/anime,0,56,0%,10.59
https://www.curify-ai.com/zh/nano-template/weather/example/template-weather-foster-city,0,55,0%,5.76
https://www.curify-ai.com/en/blog/storyboard-labeling,0,54,0%,6.61
https://www.curify-ai.com/zh/topics/comparison,0,54,0%,6.7
https://www.curify-ai.com/ja/tools/video-dubbing,0,54,0%,7.46
https://www.curify-ai.com/tr/blog/ai-youtube-video-translator,0,53,0%,8.98
https://www.curify-ai.com/nano-banana-pro-prompts/1323,0,52,0%,6.96
https://www.curify-ai.com/blog/ai-content-distribution-system,0,51,0%,16.98
https://www.curify-ai.com/hi/blog/translate-youtube-video-to-english,0,50,0%,7.8
https://www.curify-ai.com/ko/blog/f5-tts-voice-cloning,0,50,0%,8.32
https://www.curify-ai.com/nano-template/mbti-breakingbad,0,50,0%,9.04
https://www.curify-ai.com/de/nano-banana-pro-prompts/3249,0,49,0%,5.98
https://www.curify-ai.com/en/nano-banana-pro-prompts/tag/east asian,0,49,0%,7.18
https://www.curify-ai.com/es/nano-template/artist-biography-infographic,0,49,0%,8.16
https://www.curify-ai.com/blog/emotion-tts-movie,0,49,0%,9.2
https://www.curify-ai.com/nano-banana-pro-prompts/4319,0,48,0%,5.9
https://www.curify-ai.com/en/nano-banana-pro-prompts/516,0,47,0%,5.3
https://www.curify-ai.com/zh/nano-template/guofeng-scroll,0,47,0%,5.55
https://www.curify-ai.com/tr/blog/image-generation-model-comparison,0,47,0%,7.11
https://www.curify-ai.com/zh/nano-template/mbti-contrast/example/template-mbti-contrast-love-ISFJ-vs-ENTP-gift-giving,0,47,0%,7.19
https://www.curify-ai.com/blog/nano-banana-prompt-ecosystem,0,47,0%,7.43
https://www.curify-ai.com/nano-template/solar-term,0,47,0%,16.62
https://www.curify-ai.com/nano-template/mbti-generic/example/template-mbti-generic-Marvel-TChalla-Wanda-Vision-Clint,0,45,0%,7.27
https://www.curify-ai.com/nano-banana-pro-prompts/1628,0,44,0%,5.82
https://www.curify-ai.com/es/blog/series-infographic-vs-notebooklm,0,44,0%,6.14
https://www.curify-ai.com/en/nano-template/mbti-yellowstone/example/template-mbti-yellowstone-walker,0,44,0%,7.43
https://www.curify-ai.com/nano-template/mbti-generic/example/template-mbti-generic-ai-en-gemini-entp,0,44,0%,7.75
https://www.curify-ai.com/ja/nano-banana-pro-prompts/379,0,43,0%,2.09
https://curify-ai.com/es/nano-banana-pro-prompts/3,0,43,0%,4.81
https://www.curify-ai.com/zh/nano-template/mbti-generic/example/template-mbti-generic-ai-gemini-entp,0,43,0%,8
https://www.curify-ai.com/ko/blog/what-is-infographics,0,43,0%,14.44
https://www.curify-ai.com/nano-banana-pro-prompts/1324,0,42,0%,5.21
https://www.curify-ai.com/nano-banana-pro-prompts/tag/high fashion,0,42,0%,7.1
https://www.curify-ai.com/ko/nano-template/detective-conan,0,42,0%,8.17
https://www.curify-ai.com/ja/nano-template/mbti-breakingbad,0,41,0%,8.85
https://www.curify-ai.com/fr/blog/translate-youtube-video,0,41,0%,42.32
https://www.curify-ai.com/nano-banana-pro-prompts/991,0,40,0%,4.72
https://www.curify-ai.com/zh/nano-template/mbti-generic/example/template-mbti-generic-Football-Pele-Maradona-Zinedine-Zidane-Ronaldinho,0,40,0%,5.53
https://www.curify-ai.com/ko/nano-template/mbti-ghibli,0,40,0%,7.62
https://www.curify-ai.com/zh/nano-template/detailed-vocab-flashcard,0,40,0%,8.72
https://www.curify-ai.com/ja/nano-banana-pro-prompts/tag/women,0,40,0%,13.2
https://www.curify-ai.com/ko/nano-template/mbti-naruto,0,39,0%,4.33
https://www.curify-ai.com/ru/blog/video-transcription-technical-deep-dive,0,39,0%,8.69
https://www.curify-ai.com/blog/ai-content-production-system,0,39,0%,11.69
https://www.curify-ai.com/nano-template/mbti-siliconvalley/example/template-mbti-siliconvalley-elonmusk,0,38,0%,5.39
https://www.curify-ai.com/nano-template/figure-principles-infographic,0,38,0%,6.55
https://www.curify-ai.com/nano-banana-pro-prompts/786,0,38,0%,6.68
https://www.curify-ai.com/nano-banana-pro-prompts/2316,0,38,0%,7.34
https://www.curify-ai.com/fr/blog/f5-tts-voice-cloning,0,38,0%,7.5
https://www.curify-ai.com/zh/nano-template/character/example/template-character-spirited-away-chihiro,0,38,0%,7.89
https://www.curify-ai.com/ko/blog/storyboard-to-pipeline,0,38,0%,8.13
https://www.curify-ai.com/nano-template/east-asian-culture-comparison-infographic,0,37,0%,4.59
https://www.curify-ai.com/ko/blog/translate-youtube-video-to-english,0,36,0%,14.56
https://www.curify-ai.com/ja/blog/best-ai-tools,0,35,0%,7.46
https://www.curify-ai.com/ko/blog/preserve-facial-features-ai-generation,0,35,0%,7.74
https://www.curify-ai.com/tr/blog/what-is-voice-cloning,0,35,0%,16.94
https://www.curify-ai.com/blog/video-transcription-business-guide,0,35,0%,23.43
https://www.curify-ai.com/ja/blog/translate-youtube-video,0,35,0%,28.11
https://www.curify-ai.com/en/nano-banana-pro-prompts/61,0,34,0%,5.76
https://www.curify-ai.com/zh/nano-template/mbti-animal/example/template-mbti-animal-gym,0,34,0%,7.03
https://www.curify-ai.com/nano-template/custom-character-card,0,34,0%,8.26
https://www.curify-ai.com/es/blog/video-transcription-business-guide,0,34,0%,16.06
https://www.curify-ai.com/es/nano-banana-pro-prompts/516,0,33,0%,4.58
https://www.curify-ai.com/zh/nano-template/country-souvenirs-watercolor,0,33,0%,5.52
https://www.curify-ai.com/nano-banana-pro-prompts/tag/urban,0,33,0%,6.06
https://www.curify-ai.com/nano-banana-pro-prompts/933,0,33,0%,7.06
https://www.curify-ai.com/es/blog/what-is-infographics,0,33,0%,8.18
"https://www.curify-ai.com/en/nano-template/mbti-animal/example/template-mbti-animal-spring-festival 
4",0,33,0%,8.58
https://www.curify-ai.com/zh/nano-template/what-if-history,0,33,0%,14.39
https://www.curify-ai.com/fr/blog/video-transcription-business-guide,0,33,0%,28.15
https://curify-ai.com/zh/nano-banana-pro-prompts/399,0,32,0%,5.25
https://www.curify-ai.com/nano-banana-pro-prompts/3015,0,32,0%,5.78
https://www.curify-ai.com/en/nano-template/mbti-siliconvalley/example/template-mbti-generic-ai-copilot-istj,0,32,0%,5.84
https://www.curify-ai.com/nano-banana-pro-prompts/628,0,32,0%,5.91
https://www.curify-ai.com/zh/nano-template/constellation-steampunk,0,32,0%,6.22
https://www.curify-ai.com/nano-template/weather,0,31,0%,5.1
https://www.curify-ai.com/nano-banana-pro-prompts/1269,0,31,0%,5.61
https://www.curify-ai.com/en/nano-template/template-character-analysis-zh/example/template-character-analysis-zh-sun-wukong,0,31,0%,8.1
https://www.curify-ai.com/nano-banana-pro-prompts/2202,0,30,0%,3.8
https://www.curify-ai.com/tools/speech-translator,0,30,0%,4.37
https://www.curify-ai.com/zh/nano-template/mbti-contrast/example/template-mbti-contrast-love-ENFJ-vs-ISTP-meeting-parents,0,30,0%,5.57
https://www.curify-ai.com/nano-banana-pro-prompts/1648,0,30,0%,5.73
https://www.curify-ai.com/zh/nano-banana-pro-prompts/3511,0,30,0%,5.9
https://www.curify-ai.com/es/nano-template/template-fruit,0,30,0%,6.03
https://www.curify-ai.com/nano-template/template-fashion-ecommerce/example/template-fashion-ecommerce-zh-shirt,0,30,0%,6.4
https://www.curify-ai.com/zh/blog/f5-tts-voice-cloning,0,30,0%,6.87
https://www.curify-ai.com/tr/nano-banana-pro-prompts/192,0,30,0%,7.73
https://www.curify-ai.com/zh/nano-template/education-zh,0,30,0%,7.9
https://www.curify-ai.com/nano-banana-pro-prompts/2169,0,29,0%,5.1
https://www.curify-ai.com/nano-template/vocabulary,0,29,0%,5.21
https://www.curify-ai.com/zh/nano-template/mbti-generic/example/template-mbti-generic-Basketball-Kobe-Bryant-Stephen-Curry-Kevin-Durant-Tim-Duncan,0,29,0%,6.86
https://www.curify-ai.com/zh/nano-template/mbti-breakingbad,0,29,0%,7.38
https://www.curify-ai.com/ko/blog/video-transcription-technical-deep-dive,0,29,0%,7.55
https://www.curify-ai.com/ru/blog/voice-cloning-tools,0,29,0%,7.72
https://www.curify-ai.com/nano-template/zhenhuan-mbti-character-analysis,0,29,0%,7.79
https://www.curify-ai.com/nano-banana-pro-prompts/4,0,29,0%,8.31
https://www.curify-ai.com/ja/topics/animal,0,29,0%,8.76
https://www.curify-ai.com/nano-banana-pro-prompts/3472,0,28,0%,4.54
"https://www.curify-ai.com/zh/nano-template/mbti-animal/example/template-mbti-animal-plane 
3",0,28,0%,5
https://www.curify-ai.com/nano-banana-pro-prompts/1264,0,28,0%,5.18
https://www.curify-ai.com/nano-banana-pro-prompts/678,0,28,0%,5.39
https://curify-ai.com/en/nano-banana-pro-prompts/1076,0,28,0%,5.89
https://www.curify-ai.com/nano-banana-pro-prompts/tag/cozy,0,28,0%,6.89
https://www.curify-ai.com/nano-banana-pro-prompts/950,0,28,0%,6.93
"https://www.curify-ai.com/en/nano-template/mbti-yellowstone?character_name=Rip 
Wheeler",0,28,0%,7.04
https://www.curify-ai.com/nano-banana-pro-prompts/tag/luxury,0,28,0%,7.18
https://www.curify-ai.com/nano-template/template-fruit/example/template-fruit-en-kiwi,0,28,0%,7.32
https://www.curify-ai.com/zh/blog/10-prompting-tips-nano-banana,0,28,0%,7.46
https://www.curify-ai.com/hi/blog/what-is-voice-cloning,0,28,0%,8.04
https://www.curify-ai.com/nano-banana-pro-prompts/132,0,28,0%,8.39
https://www.curify-ai.com/ko/nano-banana-pro-prompts/tag/girl,0,28,0%,10.5
https://www.curify-ai.com/nano-banana-pro-prompts/2037,0,27,0%,4.85
https://www.curify-ai.com/zh/blog/visual-learning-tools,0,27,0%,6.04
https://www.curify-ai.com/es/nano-template/mbti-nba/example/template-mbti-nba-lamine-yamal,0,27,0%,6.22
https://www.curify-ai.com/nano-banana-pro-prompts/2263,0,27,0%,7.67
https://www.curify-ai.com/es/blog/video-transcription-technical-deep-dive,0,27,0%,8.22
https://www.curify-ai.com/zh/tools,0,26,0%,4.92
https://www.curify-ai.com/en/nano-banana-pro-prompts/76,0,26,0%,5.85
https://www.curify-ai.com/zh/blog/preserve-facial-features-ai-generation,0,26,0%,6.12
"https://www.curify-ai.com/zh/nano-template/mbti-animal/example/template-mbti-animal-annual-meeting 
4",0,26,0%,6.27
https://www.curify-ai.com/en/nano-template/mbti-naruto/example/template-mbti-naruto-Rock-Lee,0,26,0%,6.31
https://www.curify-ai.com/nano-banana-pro-prompts/3656,0,26,0%,6.58
https://curify-ai.com/en/nano-banana-pro-prompts/1146,0,26,0%,6.62
https://www.curify-ai.com/nano-banana-pro-prompts/2593,0,26,0%,6.69
https://www.curify-ai.com/zh/nano-template/food/example/template-food-thai-basil-chicken-rice,0,26,0%,7.04
https://www.curify-ai.com/es/blog/how-to-translate-asl-video,0,26,0%,9.23
https://www.curify-ai.com/de/nano-banana-pro-prompts/2748,0,25,0%,2.04
https://www.curify-ai.com/use-cases/for-creators,0,25,0%,4.04
https://www.curify-ai.com/tr/nano-banana-pro-prompts/343,0,25,0%,5
https://www.curify-ai.com/nano-template/character/example/template-character-weiqing,0,25,0%,5.28
https://www.curify-ai.com/zh/nano-template/mbti-contrast/example/template-mbti-contrast-ISTJ-vs-ENFP-package,0,25,0%,5.88
https://www.curify-ai.com/de/nano-banana-pro-prompts/2745,0,25,0%,6
https://www.curify-ai.com/nano-banana-pro-prompts/1595,0,25,0%,6.56
https://www.curify-ai.com/nano-banana-pro-prompts/3728,0,25,0%,7.08
https://www.curify-ai.com/fr/blog/ai-youtube-video-translator,0,25,0%,7.6
https://www.curify-ai.com/zh/nano-template/template-costume,0,25,0%,7.8
https://www.curify-ai.com/nano-banana-pro-prompts/2352,0,25,0%,7.92
"https://www.curify-ai.com/ko/nano-template/portrait-retouching-blueprint/example/template-portrait-retouching-blueprint-en 
3",0,25,0%,8.56
https://www.curify-ai.com/ru/nano-banana-pro-prompts/3472,0,25,0%,10.28
https://www.curify-ai.com/ko/nano-banana-pro-prompts/399,0,24,0%,4
https://www.curify-ai.com/ko/nano-template/mbti-naruto/example/template-mbti-naruto-gaara,0,24,0%,4.58
https://www.curify-ai.com/nano-banana-pro-prompts/1964,0,24,0%,4.71
https://www.curify-ai.com/es/nano-template/science-education-infographic/example/template-science-education-infographic-human-evolution,0,24,0%,5.92
https://www.curify-ai.com/nano-template/character,0,24,0%,5.92
https://www.curify-ai.com/hi/blog/ai-content-production-system,0,24,0%,6.42
https://www.curify-ai.com/nano-template/movie-poster,0,24,0%,6.46
https://www.curify-ai.com/nano-banana-pro-prompts/2315,0,24,0%,6.5
https://www.curify-ai.com/es/nano-template/sports-battle,0,24,0%,7
https://curify-ai.com/tr/nano-banana-pro-prompts/192,0,24,0%,7.17
https://www.curify-ai.com/es/nano-template/mbti-marvel,0,24,0%,7.17
"https://www.curify-ai.com/zh/nano-template/mbti-animal/example/template-mbti-animal-plane 
1",0,24,0%,7.75
https://www.curify-ai.com/zh/blog/video-transcription-technical-deep-dive,0,24,0%,7.92
https://www.curify-ai.com/nano-template/detective-conan,0,24,0%,8.04
https://www.curify-ai.com/ko/nano-banana-pro-prompts/tag/athletic,0,24,0%,8.75
https://www.curify-ai.com/ko/blog/ae-vs-comfyui,0,24,0%,9.54
https://www.curify-ai.com/en/nano-template/mbti-generic/example/template-mbti-generic-myth-estp-estj-istp-istj,0,23,0%,6.04
https://www.curify-ai.com/ko/nano-template/world-travel-map-illustration-en,0,23,0%,6.3
https://www.curify-ai.com/topics/english-korean,0,23,0%,6.39
https://www.curify-ai.com/zh/nano-template/education,0,23,0%,7
https://www.curify-ai.com/tr/topics/comparison,0,23,0%,8.78
https://www.curify-ai.com/fr/blog/10-prompting-tips-nano-banana,0,23,0%,9
https://www.curify-ai.com/zh/tools/video-dubbing,0,23,0%,29.17
https://www.curify-ai.com/topics/mbti-isfj,0,23,0%,35.48
https://www.curify-ai.com/nano-banana-pro-prompts/1294,0,22,0%,4.05
https://www.curify-ai.com/zh/nano-template/mbti-generic/example/template-mbti-generic-HongLouMeng-JiaZheng,0,22,0%,4.82
https://www.curify-ai.com/nano-banana-pro-prompts/3467,0,22,0%,5.14
https://www.curify-ai.com/nano-banana-pro-prompts/3395,0,22,0%,5.59
https://www.curify-ai.com/nano-banana-pro-prompts/2215,0,22,0%,5.91
https://www.curify-ai.com/nano-banana-pro-prompts/2531,0,22,0%,5.95
https://www.curify-ai.com/zh/nano-template/weather/example/template-weather-beijing,0,22,0%,6.45
https://www.curify-ai.com/zh/nano-template/detective-conan,0,22,0%,6.68
https://www.curify-ai.com/ko/topics/career,0,22,0%,6.95
https://www.curify-ai.com/nano-banana-pro-prompts/1172,0,22,0%,7.14
https://www.curify-ai.com/ko/nano-banana-pro-prompts/2266,0,22,0%,7.36
https://www.curify-ai.com/nano-template/character-analysis,0,22,0%,7.59
https://www.curify-ai.com/ko/tools/video-summarizer,0,22,0%,7.77
https://www.curify-ai.com/es/nano-banana-pro-prompts/996,0,22,0%,7.91
https://www.curify-ai.com/fr/blog/best-ai-tools,0,22,0%,8.68
https://www.curify-ai.com/de/blog/best-ai-tools,0,22,0%,9.55
https://www.curify-ai.com/zh/blog/lip-sync-business-guide,0,22,0%,10.5
https://www.curify-ai.com/fr/tools/video-dubbing,0,22,0%,41.36
https://www.curify-ai.com/ja/nano-template/mbti-contrast/example/template-mbti-contrast-love-ISTJ-vs-ESFP-after-fight,0,21,0%,5.9
https://www.curify-ai.com/nano-banana-pro-prompts/3111,0,21,0%,6.33
https://www.curify-ai.com/nano-banana-pro-prompts/3204,0,21,0%,6.48
https://www.curify-ai.com/nano-banana-pro-prompts/1418,0,21,0%,6.57
https://www.curify-ai.com/nano-template/architecture,0,21,0%,6.57
https://www.curify-ai.com/nano-template/word-scene/example/template-word-scene-zh-shinchan-metro,0,21,0%,7.19
https://www.curify-ai.com/en/nano-template/mbti-breakingbad/example/template-mbti-breakingbad-lalo-salamanca,0,21,0%,7.29
https://curify-ai.com/ja/nano-banana-pro-prompts/3,0,21,0%,8.62
https://www.curify-ai.com/nano-banana-pro-prompts/2122,0,21,0%,9.14
https://www.curify-ai.com/en/nano-banana-pro-prompts/3196,0,21,0%,9.24
https://www.curify-ai.com/nano-banana-pro-prompts/479,0,21,0%,9.76
https://www.curify-ai.com/blog/what-is-infographics,0,21,0%,10.81
https://www.curify-ai.com/ru/blog/video-transcription-business-guide,0,21,0%,11.95
https://curify-ai.com/es/nano-banana-pro-prompts/2816,0,20,0%,3.15
https://curify-ai.com/ja/nano-banana-pro-prompts/131,0,20,0%,3.75
https://www.curify-ai.com/zh/nano-template/character/example/template-character-libai,0,20,0%,4.15
https://www.curify-ai.com/topics/learning,0,20,0%,4.8
https://www.curify-ai.com/zh/nano-template/mbti-animal,0,20,0%,5.35
https://www.curify-ai.com/nano-template/character-comparison,0,20,0%,5.9
https://www.curify-ai.com/topics/lifestyle,0,20,0%,5.9
https://www.curify-ai.com/en/nano-template/weather?city_name=wuhan,0,20,0%,6.25
https://www.curify-ai.com/nano-banana-pro-prompts/845,0,20,0%,6.45
https://www.curify-ai.com/blog/ugc-video-translation-scaling-tiktoks-shorts-global-markets,0,20,0%,6.5
https://www.curify-ai.com/ko/nano-banana-pro-prompts/tag/vintage,0,20,0%,6.75
https://www.curify-ai.com/nano-template/mbti-ghibli,0,20,0%,6.75
https://www.curify-ai.com/nano-banana-pro-prompts/2898,0,20,0%,6.95
https://www.curify-ai.com/nano-banana-pro-prompts/3402,0,20,0%,7.05
https://www.curify-ai.com/ru/nano-banana-pro-prompts/3249,0,20,0%,7.15
https://www.curify-ai.com/nano-banana-pro-prompts/1364,0,20,0%,7.4
https://www.curify-ai.com/tr/nano-banana-pro-prompts/11,0,20,0%,7.4
https://www.curify-ai.com/zh/nano-template/english-dialogue-scene,0,20,0%,7.45
https://www.curify-ai.com/zh/nano-template/custom-character-card/example/template-custom-character-card-enfp-fiery-little-sun-male,0,20,0%,7.8
https://www.curify-ai.com/en/nano-template/english-top5-phrases/example/template-english-top5-phrases-compliments,0,20,0%,7.95
https://www.curify-ai.com/topics/mbti,0,20,0%,8.1
https://www.curify-ai.com/blog/storyboard-to-pipeline,0,20,0%,8.3
https://www.curify-ai.com/zh/nano-template/education-card/example/template-education-card-collision-physics,0,20,0%,8.85
https://www.curify-ai.com/fr/blog/image-generation-model-comparison,0,20,0%,9.1
https://www.curify-ai.com/inspiration-hub,0,20,0%,10.65
https://www.curify-ai.com/nano-template/mbti-siliconvalley/example/template-mbti-generic-ai-founders-sundar,0,20,0%,11.1
https://www.curify-ai.com/en/nano-template/portrait-retouching-blueprint,0,19,0%,4.21
https://www.curify-ai.com/zh/nano-template/character-comparison,0,19,0%,5.05
https://www.curify-ai.com/nano-template/mbti-contrast,0,19,0%,5.26
https://www.curify-ai.com/nano-banana-pro-prompts/2060,0,19,0%,5.37
https://www.curify-ai.com/en/nano-banana-pro-prompts/2916,0,19,0%,5.79
https://www.curify-ai.com/ru/topics/comparison,0,19,0%,5.84
https://www.curify-ai.com/zh/nano-template/template-book-series,0,19,0%,5.95
https://www.curify-ai.com/nano-template/mbti-marvel,0,19,0%,6.37
https://www.curify-ai.com/nano-template/mbti-generic/example/template-mbti-generic-breaking-bad-gus-fring,0,19,0%,6.63
https://www.curify-ai.com/es/blog/best-ai-tools,0,19,0%,6.95
https://www.curify-ai.com/ko/nano-template/species-science,0,19,0%,7.16
https://www.curify-ai.com/nano-template/mbti-yellowstone/carousel/template-mbti-yellowstone-walker,0,19,0%,7.42
https://www.curify-ai.com/es/blog/lip-sync-business-guide,0,19,0%,7.47
https://www.curify-ai.com/es/nano-template/mbti-breakingbad,0,19,0%,7.58
https://www.curify-ai.com/zh/nano-template/mbti-animal/example/template-mbti-animal-personality-enfj-isfj-estj-infj,0,19,0%,7.74
https://www.curify-ai.com/en/nano-template/education-zh,0,19,0%,7.89
https://www.curify-ai.com/ko/nano-template/template-battle,0,19,0%,7.95
https://www.curify-ai.com/fr/blog/how-to-dub-videos-naturally,0,19,0%,8
https://www.curify-ai.com/ko/nano-banana-pro-prompts/3049,0,19,0%,8.21
https://www.curify-ai.com/es/nano-template/figure-principles-infographic/example/template-figure-principles-infographic-albert-einstein,0,19,0%,8.37
https://www.curify-ai.com/es/nano-template/artist-biography-infographic/example/template-artist-biography-infographic-vincent-van-gogh,0,19,0%,8.42
https://www.curify-ai.com/ko/nano-template/mbti-breakingbad,0,19,0%,9
https://www.curify-ai.com/blog/content-multiplication-system,0,19,0%,21.26
https://www.curify-ai.com/nano-template/template-solar-term/example/template-solar-term-xiaoman,0,19,0%,23.79
https://www.curify-ai.com/ru/blog/what-is-infographics,0,19,0%,30.89
https://www.curify-ai.com/zh/nano-template/fruit,0,18,0%,3.5
"https://www.curify-ai.com/zh/nano-template/mbti-contrast/example/template-mbti-contrast-INFJ 
vs ESFJ-home",0,18,0%,4.11
https://www.curify-ai.com/hi/nano-banana-pro-prompts/428,0,18,0%,4.61
https://www.curify-ai.com/zh/nano-template/series-infographic/example/template-series-infographic-problem-solvers-02,0,18,0%,4.89
https://www.curify-ai.com/zh/topics/mbti,0,18,0%,4.94
https://www.curify-ai.com/nano-template/mbti-generic/example/template-mbti-generic-ThreeKingdoms-ZhugeLiang,0,18,0%,5.61
https://www.curify-ai.com/zh/topics/dialogue,0,18,0%,5.83
https://www.curify-ai.com/nano-template/education,0,18,0%,5.89
https://www.curify-ai.com/es/nano-banana-pro-prompts/845,0,18,0%,5.94
https://www.curify-ai.com/zh/nano-template/template-fashion-ecommerce,0,18,0%,6.06
"https://www.curify-ai.com/en/nano-template/portrait-retouching-blueprint/example/template-portrait-retouching-blueprint-en 
1",0,18,0%,6.11
https://www.curify-ai.com/en/nano-banana-pro-prompts/33,0,18,0%,6.17
https://www.curify-ai.com/nano-banana-pro-prompts/3777,0,18,0%,6.17
https://www.curify-ai.com/nano-banana-pro-prompts/2568,0,18,0%,6.5
https://www.curify-ai.com/nano-banana-pro-prompts/tag/fashion,0,18,0%,6.61
https://www.curify-ai.com/nano-template/mbti-contrast-zh,0,18,0%,6.61
https://www.curify-ai.com/tr/nano-banana-pro-prompts/1076,0,18,0%,6.78
https://www.curify-ai.com/nano-banana-pro-prompts/2861,0,18,0%,6.83
https://www.curify-ai.com/nano-banana-pro-prompts/592,0,18,0%,7.39
https://www.curify-ai.com/ko/nano-template/food,0,18,0%,8.89
https://curify-ai.com/ko/nano-banana-pro-prompts/39,0,18,0%,9
https://www.curify-ai.com/tr/nano-template/mbti-yellowstone,0,18,0%,9.22
https://www.curify-ai.com/en/nano-template/template-battle,0,18,0%,9.44
https://www.curify-ai.com/en/nano-banana-pro-prompts/tag/couple,0,18,0%,9.94
https://www.curify-ai.com/ja/nano-banana-pro-prompts/tag/romantic,0,18,0%,10.17
https://www.curify-ai.com/ko/nano-banana-pro-prompts/3035,0,18,0%,14.56
https://www.curify-ai.com/nano-template/hot-event-analysis,0,18,0%,15.06
https://www.curify-ai.com/en/nano-banana-pro-prompts/tag/man,0,18,0%,36.22
https://www.curify-ai.com/zh/nano-banana-pro-prompts/122,0,17,0%,1.59
https://www.curify-ai.com/en/contact,0,17,0%,3.06
https://www.curify-ai.com/nano-banana-pro-prompts/3743,0,17,0%,4.35
https://www.curify-ai.com/en/nano-banana-pro-prompts/126,0,17,0%,4.71
https://www.curify-ai.com/en/nano-banana-pro-prompts/658,0,17,0%,5.35
https://www.curify-ai.com/zh/blog/how-to-dub-videos-naturally,0,17,0%,5.47
https://www.curify-ai.com/nano-banana-pro-prompts/1407,0,17,0%,5.65
https://www.curify-ai.com/de/blog/series-infographic-vs-notebooklm,0,17,0%,5.71
https://www.curify-ai.com/ja/nano-banana-pro-prompts/1294,0,17,0%,5.71
https://www.curify-ai.com/ja/nano-template/fruit,0,17,0%,5.76
https://www.curify-ai.com/nano-banana-pro-prompts/1261,0,17,0%,5.94
https://www.curify-ai.com/nano-banana-pro-prompts/1645,0,17,0%,6.06
https://www.curify-ai.com/ko/tools/bilingual-subtitles,0,17,0%,6.12
https://www.curify-ai.com/de/blog/translate-youtube-video-to-english,0,17,0%,6.18
https://www.curify-ai.com/nano-banana-pro-prompts/tag/luxurious,0,17,0%,6.29
https://www.curify-ai.com/zh/nano-template/vocabulary,0,17,0%,6.53
https://www.curify-ai.com/nano-banana-pro-prompts/2381,0,17,0%,6.65
https://www.curify-ai.com/ko/nano-banana-pro-prompts/tag/urban,0,17,0%,7.18
https://www.curify-ai.com/nano-banana-pro-prompts/2029,0,17,0%,7.24
https://www.curify-ai.com/nano-banana-pro-prompts/1679,0,17,0%,7.29
https://www.curify-ai.com/nano-template/mbti-generic/example/template-mbti-generic-ai-gemini-entp,0,17,0%,7.29
"https://www.curify-ai.com/zh/nano-template/character/example/template-character-academic-three-kingdoms 
1",0,17,0%,7.29
https://www.curify-ai.com/ko/nano-template/book-series,0,17,0%,7.53
https://www.curify-ai.com/zh/nano-template/english-error-correction,0,17,0%,7.59
https://www.curify-ai.com/en/nano-template/character-analysis/example/template-character-analysis-sun-wukong,0,17,0%,7.82
https://www.curify-ai.com/nano-template/guofeng-scroll,0,17,0%,8.18
https://www.curify-ai.com/ja/nano-template/mbti-nba-en,0,17,0%,8.29
https://www.curify-ai.com/tr/nano-banana-pro-prompts/2370,0,17,0%,8.29
https://www.curify-ai.com/ko/nano-template/character-comparison,0,17,0%,8.35
"https://www.curify-ai.com/ko/nano-template/portrait-retouching-blueprint/example/template-portrait-retouching-blueprint-en 
1",0,17,0%,8.59
https://www.curify-ai.com/nano-banana-pro-prompts/2857,0,17,0%,8.76
https://www.curify-ai.com/zh/nano-template/template-evolution/example/template-evolution-currency-forms,0,17,0%,8.94
https://www.curify-ai.com/es/nano-template/harry-potter-mbti-infographic,0,17,0%,9
https://www.curify-ai.com/ko/nano-template/mbti-nba-en,0,17,0%,9.82
https://www.curify-ai.com/blog/nano-banana-dedicated,0,17,0%,10.41
"https://www.curify-ai.com/zh/nano-template/character/example/template-character-academic-three-kingdoms 
2",0,17,0%,10.82
https://www.curify-ai.com/zh/nano-template/detective-conan/example/template-detective-conan-conan-edogawa,0,17,0%,13.88
https://www.curify-ai.com/zh/nano-template/mbti-contrast/example/template-mbti-contrast-love-ESTJ-vs-INTP-anniversary,0,16,0%,3.44
https://www.curify-ai.com/nano-banana-pro-prompts/570,0,16,0%,4.44
https://www.curify-ai.com/nano-banana-pro-prompts/2188,0,16,0%,5
https://www.curify-ai.com/en/nano-banana-pro-prompts/3702,0,16,0%,5.25
https://www.curify-ai.com/hi/nano-banana-pro-prompts/1190,0,16,0%,5.25
https://www.curify-ai.com/es/nano-banana-pro-prompts/1076,0,16,0%,5.38
https://www.curify-ai.com/nano-banana-pro-prompts/3587,0,16,0%,5.62
https://www.curify-ai.com/nano-template/template-mbti-generic/example/template-mbti-generic-friends-joey,0,16,0%,6.12
https://www.curify-ai.com/nano-banana-pro-prompts/2221,0,16,0%,6.25
https://www.curify-ai.com/zh/nano-template/mbti-animal/example/template-mbti-animal-personality-enfp-infp-esfj-isfp,0,16,0%,6.25
https://www.curify-ai.com/zh/nano-template/mbti-generic/example/template-mbti-generic-ThreeKingdoms-GuanYu,0,16,0%,6.5
"https://www.curify-ai.com/zh/nano-template/template-book-series/example/template-book-series-Journey-to-the-West 
5",0,16,0%,6.56
https://www.curify-ai.com/zh/nano-template/food,0,16,0%,6.62
https://www.curify-ai.com/nano-banana-pro-prompts/1513,0,16,0%,6.75
https://www.curify-ai.com/nano-banana-pro-prompts/2888,0,16,0%,6.75