URL	Last crawled
https://www.curify-ai.com/fr/nano-banana-pro-prompts/1562	2026-03-15
https://www.curify-ai.com/fr/nano-banana-pro-prompts/3169	2026-03-15
https://curify-ai.com/en/nano-banana-pro-prompts/4050	2026-03-15
https://www.curify-ai.com/en/nano-banana-pro-prompts/4050	2026-03-15
https://curify-ai.com/de/nano-banana-pro-prompts/1876	2026-03-15
https://curify-ai.com/en/nano-banana-pro-prompts/2522	2026-03-15
https://curify-ai.com/en/nano-banana-pro-prompts/2916	2026-03-15
https://www.curify-ai.com/en/nano-banana-pro-prompts/2916	2026-03-15
https://www.curify-ai.com/de/nano-banana-pro-prompts/4143	2026-03-15
https://www.curify-ai.com/es/nano-banana-pro-prompts/3818	2026-03-15
https://curify-ai.com/en/nano-banana-pro-prompts/1921	2026-03-15
https://www.curify-ai.com/en/nano-banana-pro-prompts/1921	2026-03-15
https://curify-ai.com/de/nano-banana-pro-prompts/1881	2026-03-15
https://www.curify-ai.com/de/nano-banana-pro-prompts/1881	2026-03-15
https://curify-ai.com/es/nano-banana-pro-prompts/3190	2026-03-15
https://www.curify-ai.com/es/nano-banana-pro-prompts/3190	2026-03-15
https://www.curify-ai.com/fr/nano-banana-pro-prompts/2485	2026-03-15
https://www.curify-ai.com/en/nano-banana-pro-prompts/2707	2026-03-15
https://www.curify-ai.com/en/nano-banana-pro-prompts/3584	2026-03-15
https://www.curify-ai.com/en/nano-template/mbti-marvel-en	2026-03-15
https://www.curify-ai.com/en/nano-banana-pro-prompts/4221	2026-03-15
https://www.curify-ai.com/zh/about	2026-03-15
https://curify-ai.com/ru/nano-banana-pro-prompts/1765	2026-03-15
https://www.curify-ai.com/ru/nano-banana-pro-prompts/1765	2026-03-15
https://curify-ai.com/hi/nano-banana-pro-prompts/2853	2026-03-15
https://www.curify-ai.com/hi/nano-banana-pro-prompts/2853	2026-03-15
https://www.curify-ai.com/zh/nano-banana-pro-prompts/848	2026-03-15
https://curify-ai.com/fr/nano-banana-pro-prompts/721	2026-03-15
https://www.curify-ai.com/fr/nano-banana-pro-prompts/721	2026-03-15
https://www.curify-ai.com/de/nano-banana-pro-prompts/222	2026-03-15
https://curify-ai.com/fr/nano-banana-pro-prompts/2742	2026-03-15
https://www.curify-ai.com/fr/nano-banana-pro-prompts/2742	2026-03-15
https://www.curify-ai.com/en/nano-template/template-character-analysis-zh/example/template-character-analysis-zh-bai-suzhen	2026-03-15
https://www.curify-ai.com/en/nano-banana-pro-prompts/3173	2026-03-15
https://www.curify-ai.com/en/nano-banana-pro-prompts/790	2026-03-15
https://www.curify-ai.com/es/nano-banana-pro-prompts/751	2026-03-15
https://www.curify-ai.com/zh/nano-template/template-character-analysis-zh	2026-03-15
https://www.curify-ai.com/es/nano-banana-pro-prompts/565	2026-03-15
https://curify-ai.com/ko/nano-banana-pro-prompts/3453	2026-03-15
https://www.curify-ai.com/ko/nano-banana-pro-prompts/3453	2026-03-15
https://www.curify-ai.com/nano-template/template-food/example/template-food-wine-mussels	2026-03-15
https://curify-ai.com/zh/nano-banana-pro-prompts/2642	2026-03-15
https://www.curify-ai.com/zh/nano-banana-pro-prompts/2642	2026-03-15
https://curify-ai.com/ru/nano-banana-pro-prompts/1238	2026-03-15
https://www.curify-ai.com/tr/nano-banana-pro-prompts/1529	2026-03-15
https://www.curify-ai.com/ko/nano-template/mbti-nba-en	2026-03-15
https://www.curify-ai.com/nano-template/mbti-siliconvalley-en/example/template-mbti-siliconvalley-en-jobs	2026-03-15
https://www.curify-ai.com/ja/nano-template/mbti-nba-en	2026-03-15
https://www.curify-ai.com/nano-template/mbti-nba-en	2026-03-15
https://www.curify-ai.com/de/nano-template/mbti-marvel-en	2026-03-15
https://www.curify-ai.com/zh/nano-template/mbti-siliconvalley-en	2026-03-15
https://www.curify-ai.com/hi/nano-template/mbti-marvel-en	2026-03-15
https://www.curify-ai.com/nano-template/mbti-siliconvalley-en	2026-03-15
https://www.curify-ai.com/nano-template/mbti-marvel-en	2026-03-15
https://www.curify-ai.com/nano-template/herbal-zh/example/template-herbal-zh-leonurus	2026-03-15
https://www.curify-ai.com/zh/nano-template/template-character-zh/example/template-character-zh-libai	2026-03-15
https://www.curify-ai.com/nano-template/template-mbti-animal/example/template-mbti-animal-zh-sleep	2026-03-15
https://www.curify-ai.com/zh/nano-template/template-architecture	2026-03-15
https://www.curify-ai.com/ko/nano-banana-pro-prompts/39	2026-03-15
https://www.curify-ai.com/en/nano-banana-pro-prompts/222	2026-03-15
https://www.curify-ai.com/nano-template/template-solar-term/example/template-solar-term-lichun	2026-03-15
https://www.curify-ai.com/nano-template/book-series/example/template-book-series-Journey-to-the-West  3	2026-03-15
https://www.curify-ai.com/tr/nano-banana-pro-prompts/76	2026-03-15
https://curify-ai.com/ko/nano-banana-pro-prompts/2054	2026-03-15
https://www.curify-ai.com/ko/nano-banana-pro-prompts/2054	2026-03-15
https://www.curify-ai.com/fr/nano-template/portrait-retouching-blueprint	2026-03-15
https://www.curify-ai.com/nano-template/template-fashion-ecommerce/example/template-fashion-ecommerce-zh-eyemask	2026-03-15
https://www.curify-ai.com/ja/nano-template/fruit	2026-03-15
https://www.curify-ai.com/nano-template/mbti-generic/example/template-mbti-generic-ai-founders-en-sam	2026-03-15
https://curify-ai.com/zh/nano-banana-pro-prompts/222	2026-03-15
https://www.curify-ai.com/zh/nano-banana-pro-prompts/222	2026-03-15
https://curify-ai.com/hi/nano-banana-pro-prompts/226	2026-03-15
https://www.curify-ai.com/hi/nano-banana-pro-prompts/226	2026-03-15
https://www.curify-ai.com/nano-template/template-herbal-zh/example/template-herbal-zh-eriocauli-flos	2026-03-15
https://www.curify-ai.com/en/nano-banana-pro-prompts/2493	2026-03-15
https://curify-ai.com/fr/nano-banana-pro-prompts/1406	2026-03-15
https://www.curify-ai.com/fr/nano-banana-pro-prompts/1406	2026-03-15
https://www.curify-ai.com/es/nano-banana-pro-prompts/270	2026-03-15
https://curify-ai.com/ru/nano-banana-pro-prompts/461	2026-03-15
https://www.curify-ai.com/ru/nano-banana-pro-prompts/461	2026-03-15
https://curify-ai.com/de/nano-banana-pro-prompts/864	2026-03-15
https://www.curify-ai.com/de/nano-banana-pro-prompts/864	2026-03-15
https://curify-ai.com/tr/nano-banana-pro-prompts/751	2026-03-15
https://www.curify-ai.com/tr/nano-banana-pro-prompts/751	2026-03-15
https://curify-ai.com/de/nano-banana-pro-prompts/2920	2026-03-15
https://www.curify-ai.com/de/nano-banana-pro-prompts/2920	2026-03-15
https://www.curify-ai.com/zh/nano-template/template-food/example/template-food-sukiyaki	2026-03-15
https://www.curify-ai.com/nano-template/template-intangible-heritage-zh/example/template-intangible-heritage-zh-paper-cutting	2026-03-15
https://curify-ai.com/tr/nano-banana-pro-prompts/1594	2026-03-15
https://www.curify-ai.com/tr/nano-banana-pro-prompts/1594	2026-03-15
https://www.curify-ai.com/zh/nano-template/word-scene/example/template-word-scene-zh-ski-resort	2026-03-15
https://curify-ai.com/es/nano-banana-pro-prompts/408	2026-03-15
https://www.curify-ai.com/es/nano-banana-pro-prompts/408	2026-03-15
https://curify-ai.com/en/nano-banana-pro-prompts/3479	2026-03-15
https://www.curify-ai.com/en/nano-banana-pro-prompts/3479	2026-03-15
https://www.curify-ai.com/zh/nano-template/herbal-zh/example/template-herbal-zh-dragon's-blood	2026-03-15
https://www.curify-ai.com/fr/nano-banana-pro-prompts/689	2026-03-15
https://www.curify-ai.com/en/nano-template/template-mbti-animal	2026-03-15
https://www.curify-ai.com/de/nano-banana-pro-prompts/3082	2026-03-15
https://www.curify-ai.com/es/nano-banana-pro-prompts/790	2026-03-15
https://www.curify-ai.com/zh/nano-template/education-zh/example/template-education-zh-newtons-laws	2026-03-15
https://curify-ai.com/de/nano-banana-pro-prompts/2719	2026-03-15
https://www.curify-ai.com/de/nano-banana-pro-prompts/2719	2026-03-15
https://curify-ai.com/es/nano-banana-pro-prompts/4215	2026-03-15
https://www.curify-ai.com/es/nano-banana-pro-prompts/4215	2026-03-15
https://www.curify-ai.com/fr/nano-banana-pro-prompts/4146	2026-03-15
https://www.curify-ai.com/de/nano-banana-pro-prompts/1562	2026-03-15
https://www.curify-ai.com/zh/nano-template/template-weather/example/template-weather-en-foster-city	2026-03-15
https://www.curify-ai.com/hi/nano-banana-pro-prompts/4202	2026-03-15
https://www.curify-ai.com/tr/nano-banana-pro-prompts/1939	2026-03-15
https://www.curify-ai.com/hi/nano-banana-pro-prompts/2813	2026-03-15
https://www.curify-ai.com/de/nano-banana-pro-prompts/1980	2026-03-15
https://www.curify-ai.com/ko/nano-banana-pro-prompts/2631	2026-03-15
https://www.curify-ai.com/en/nano-banana-pro-prompts/3082	2026-03-15
https://www.curify-ai.com/nano-template/template-character-zh/example/template-character-zh-academic-three-kingdoms  1	2026-03-15
https://www.curify-ai.com/nano-banana-pro-prompts/3236	2026-03-15
https://www.curify-ai.com/tools/	2026-03-15
https://www.curify-ai.com/nano-template/herbal-zh/example/template-herbal-zh-herba-taxilli	2026-03-15
https://www.curify-ai.com/nano-template/template-fashion-ecommerce/example/template-fashion-ecommerce-zh-watch	2026-03-15
https://www.curify-ai.com/es/nano-banana-pro-prompts/3082	2026-03-15
https://www.curify-ai.com/zh/nano-template/template-species-science-zh/example/template-species-science-zh-dove-tree	2026-03-15
https://www.curify-ai.com/zh/nano-template/herbal-zh/example/template-herbal-zh-astragalus	2026-03-15
https://curify-ai.com/tr/nano-banana-pro-prompts/2629	2026-03-15
https://www.curify-ai.com/tr/nano-banana-pro-prompts/2629	2026-03-15
https://www.curify-ai.com/en/nano-banana-pro-prompts/2450	2026-03-15
https://www.curify-ai.com/de/nano-banana-pro-prompts/4146	2026-03-15
https://www.curify-ai.com/zh/nano-template/template-evolution/example/template-evolution-british-industrial-revolution	2026-03-15
https://www.curify-ai.com/zh/nano-template/mbti-generic/example/template-mbti-generic-employee-en-intj	2026-03-15
https://www.curify-ai.com/hi/nano-banana-pro-prompts/2187	2026-03-15
https://www.curify-ai.com/nano-template/mbti-spring-festival-zh/example/template-mbti-spring-festival-zh-ISFJ-vs-ENTP-farewell	2026-03-15
https://www.curify-ai.com/zh/nano-template/template-costume-zh/example/template-costume-zh-ming-dynasty-dragon-robe	2026-03-15
https://www.curify-ai.com/zh/nano-template/template-intangible-heritage-zh/example/template-intangible-heritage-zh-paper-cutting	2026-03-15
https://www.curify-ai.com/zh/nano-template/template-character-zh/example/template-character-zh-twelve-beauties-jinling  2	2026-03-15
https://www.curify-ai.com/zh/nano-template/template-fashion-ecommerce/example/template-fashion-ecommerce-zh-hat	2026-03-15
https://www.curify-ai.com/zh/nano-template/template-fashion-ecommerce/example/template-fashion-ecommerce-zh-pendant	2026-03-15
https://www.curify-ai.com/zh/nano-template/template-herbal-zh/example/template-herbal-zh-cortex-eucommiae	2026-03-15
https://www.curify-ai.com/zh/nano-template/template-fashion-ecommerce/example/template-fashion-ecommerce-zh-bag	2026-03-15
https://www.curify-ai.com/en/nano-banana-pro-prompts/90	2026-03-15
https://www.curify-ai.com/de/nano-banana-pro-prompts/2837	2026-03-15
https://www.curify-ai.com/ja/nano-banana-pro-prompts/1078	2026-03-15
https://curify-ai.com/hi/nano-banana-pro-prompts/4221	2026-03-15
https://www.curify-ai.com/hi/nano-banana-pro-prompts/4221	2026-03-15
https://www.curify-ai.com/nano-template/template-fruit/example/template-fruit-en-kiwi	2026-03-15
https://www.curify-ai.com/nano-template/template-book-series/example/template-book-series-Journey-to-the-West  6	2026-03-15
https://curify-ai.com/es/nano-banana-pro-prompts/2389	2026-03-14
https://www.curify-ai.com/es/nano-banana-pro-prompts/2389	2026-03-14
https://curify-ai.com/fr/nano-banana-pro-prompts/2182	2026-03-14
https://www.curify-ai.com/fr/nano-banana-pro-prompts/2182	2026-03-14
https://curify-ai.com/ru/nano-banana-pro-prompts/2930	2026-03-14
https://www.curify-ai.com/ru/nano-banana-pro-prompts/2930	2026-03-14
https://www.curify-ai.com/zh/nano-template/herbal-zh/example/template-herbal-zh-angelicae-pubescentis-radix	2026-03-14
https://curify-ai.com/ko/nano-banana-pro-prompts/4039	2026-03-14
https://www.curify-ai.com/ko/nano-banana-pro-prompts/4039	2026-03-14
https://curify-ai.com/ru/nano-banana-pro-prompts/1925	2026-03-14
https://www.curify-ai.com/ru/nano-banana-pro-prompts/1925	2026-03-14
https://curify-ai.com/de/nano-banana-pro-prompts/1090	2026-03-14
https://www.curify-ai.com/de/nano-banana-pro-prompts/1090	2026-03-14
https://curify-ai.com/zh/nano-banana-pro-prompts/4146	2026-03-14
https://www.curify-ai.com/zh/nano-banana-pro-prompts/4146	2026-03-14
https://www.curify-ai.com/de/nano-banana-pro-prompts/1078	2026-03-14
https://www.curify-ai.com/nano-template/mbti-marvel-en/example/template-mbti-marvel-en-marvel-hulk	2026-03-14
https://www.curify-ai.com/de/nano-banana-pro-prompts/2089	2026-03-14
https://www.curify-ai.com/zh/nano-banana-pro-prompts/484	2026-03-14
https://www.curify-ai.com/zh/nano-banana-pro-prompts/790	2026-03-14
https://curify-ai.com/fr/nano-banana-pro-prompts/4143	2026-03-14
https://www.curify-ai.com/fr/nano-banana-pro-prompts/4143	2026-03-14
https://www.curify-ai.com/ru/nano-banana-pro-prompts/2919	2026-03-14
https://curify-ai.com/de/nano-banana-pro-prompts/1725	2026-03-14
https://www.curify-ai.com/de/nano-banana-pro-prompts/1725	2026-03-14
https://curify-ai.com/ja/nano-banana-pro-prompts/3082	2026-03-14
https://www.curify-ai.com/ja/nano-banana-pro-prompts/3082	2026-03-14
https://www.curify-ai.com/zh/nano-template/mbti-animal/example/template-mbti-animal-UN-1	2026-03-14
https://www.curify-ai.com/zh/nano-template/template-portrait-retouching-blueprint	2026-03-14
https://www.curify-ai.com/nano-template/mbti-generic/example/template-mbti-generic-en-siliconvalley-huang	2026-03-14
https://www.curify-ai.com/nano-template/template-evolution/example/template-evolution-chinese-social-changes	2026-03-14
https://www.curify-ai.com/zh/nano-template/mbti-generic/example/template-mbti-generic-ai-founders-en-demis	2026-03-14
https://www.curify-ai.com/nano-template/template-intangible-heritage-zh	2026-03-14
https://curify-ai.com/ko/nano-banana-pro-prompts/3783	2026-03-14
https://www.curify-ai.com/ko/nano-banana-pro-prompts/3783	2026-03-14
https://www.curify-ai.com/en/nano-banana-pro-prompts/112	2026-03-14
https://curify-ai.com/es/nano-banana-pro-prompts/3173	2026-03-14
https://www.curify-ai.com/es/nano-banana-pro-prompts/3173	2026-03-14
https://www.curify-ai.com/de/nano-banana-pro-prompts/970	2026-03-14
https://www.curify-ai.com/zh/nano-template/mbti-generic/example/template-mbti-generic-Basketball-en-Kobe-Bryant-Stephen-Curry-Kevin-Durant-Tim-Duncan	2026-03-14
https://www.curify-ai.com/zh/nano-template/template-cultural-relic/example/template-cultural-relic-dunhuang-mogao-grottoes	2026-03-14
https://www.curify-ai.com/nano-template/template-solar-term/example/template-solar-term-xiaoman	2026-03-14
https://www.curify-ai.com/zh/nano-template/herbal-zh/example/template-herbal-zh-goji-berry	2026-03-14
https://www.curify-ai.com/nano-template/herbal-zh/example/template-herbal-zh-goji	2026-03-14
https://www.curify-ai.com/nano-template/mbti-animal/example/template-mbti-animal-zh-office	2026-03-14
https://www.curify-ai.com/nano-template/city-miniature-zh/example/template-city-miniature-zh-new-york	2026-03-14
https://www.curify-ai.com/nano-template/herbal-zh/example/template-herbal-zh-albizia-julibrissin	2026-03-14
https://www.curify-ai.com/ko/nano-template/intangible-heritage-zh	2026-03-14
https://www.curify-ai.com/nano-template/travel-zh/example/template-travel-zh-sanya	2026-03-14
https://www.curify-ai.com/nano-template/fashion-ecommerce/example/template-fashion-ecommerce-zh-hat	2026-03-14
https://www.curify-ai.com/nano-template/template-food/example/template-food-tianjin-jianbing-guozi	2026-03-14
https://www.curify-ai.com/en/nano-banana-pro-prompts/897	2026-03-14
https://www.curify-ai.com/es/nano-banana-pro-prompts/3332	2026-03-14
https://www.curify-ai.com/en/nano-banana-pro-prompts/1008	2026-03-14
https://www.curify-ai.com/es/topics/film	2026-03-14
https://www.curify-ai.com/en/nano-template/template-cultural-relic-retro-infographic	2026-03-14
https://www.curify-ai.com/nano-template/template-species-science-zh/example/template-species-science-zh-paphiopedilum	2026-03-14
https://www.curify-ai.com/nano-template/template-fruit/example/template-fruit-en-cranberries	2026-03-14
https://www.curify-ai.com/nano-template/template-species-science-zh/example/template-species-science-zh-alsophila	2026-03-14
https://www.curify-ai.com/nano-template/template-word-scene/example/template-word-scene-zh-student-space-station	2026-03-14
https://www.curify-ai.com/tr/nano-banana-pro-prompts/720	2026-03-14
https://www.curify-ai.com/zh/nano-template/mbti-generic/example/template-mbti-generic-ai-en-copilot-istj	2026-03-14
https://www.curify-ai.com/es/nano-template/character-analysis-zh	2026-03-14
https://www.curify-ai.com/es/topics/design	2026-03-14
https://curify-ai.com/tr/nano-banana-pro-prompts/1562	2026-03-14
https://www.curify-ai.com/tr/nano-banana-pro-prompts/1562	2026-03-14
https://www.curify-ai.com/en/nano-template/species-science-zh/example/template-species-science-zh-river-dolphin	2026-03-14
https://www.curify-ai.com/nano-template/mbti-generic/example/template-mbti-generic-myth-zh-estp-estj-istp-istj	2026-03-14
https://www.curify-ai.com/es/nano-banana-pro-prompts/2940	2026-03-14
https://www.curify-ai.com/en/nano-template/herbal-zh/example/template-herbal-zh-herba-epimedii	2026-03-14
https://www.curify-ai.com/en/nano-template/template-word-scene/example/template-word-scene-zh-military-base  1	2026-03-14
https://www.curify-ai.com/zh/nano-template/herbal-zh/example/template-herbal-zh-radix-morindae-officinalis	2026-03-14
https://www.curify-ai.com/nano-template/fashion-ecommerce/example/template-fashion-ecommerce-zh-jacket	2026-03-14
https://www.curify-ai.com/nano-template/mbti-generic/example/template-mbti-generic-ThreeKingdoms-zh-CaoCao	2026-03-14
https://www.curify-ai.com/nano-template/template-herbal-zh/example/template-herbal-zh-adenophora	2026-03-14
https://www.curify-ai.com/nano-template/herbal-zh/example/template-herbal-zh-herba-epimedii	2026-03-14
https://curify-ai.com/es/nano-banana-pro-prompts/2707	2026-03-14
https://www.curify-ai.com/es/nano-banana-pro-prompts/2707	2026-03-14
https://www.curify-ai.com/nano-template/mbti-generic/example/template-mbti-generic-ai-founders-en-dario	2026-03-14
https://curify-ai.com/de/nano-banana-pro-prompts/3190	2026-03-14
https://www.curify-ai.com/de/nano-banana-pro-prompts/3190	2026-03-14
https://curify-ai.com/en/nano-banana-pro-prompts/4101	2026-03-14
https://www.curify-ai.com/en/nano-banana-pro-prompts/4101	2026-03-14
https://www.curify-ai.com/nano-template/template-mbti-contrast-zh/example/template-mbti-contrast-zh-love-ISFJ-vs-ENTP-gift-giving	2026-03-14
https://www.curify-ai.com/nano-template/template-mbti-animal/example/template-mbti-animal-zh-cafe  1	2026-03-14
https://www.curify-ai.com/ko/blog/video-evaluation	2026-03-14
https://www.curify-ai.com/zh/nano-template/template-word-scene/example/template-word-scene-zh-chef-kitchen	2026-03-14
https://www.curify-ai.com/nano-template/portrait-retouching-blueprint/example/template-portrait-retouching-blueprint-en  1	2026-03-14
https://www.curify-ai.com/nano-template/word-scene/example/template-word-scene-zh-family-firestation	2026-03-14
https://www.curify-ai.com/hi/nano-template/mbti-animal	2026-03-14
https://www.curify-ai.com/nano-template/species-science-zh/example/template-species-science-zh-river-dolphin	2026-03-14
https://www.curify-ai.com/nano-template/word-scene/example/template-word-scene-zh-family-waterpark	2026-03-14
https://www.curify-ai.com/nano-template/mbti-generic/example/template-mbti-generic-spring-festival-zh-INTJ-vs-ESTP-high-speed-rail	2026-03-14
https://www.curify-ai.com/zh/nano-template/template-architecture/example/template-architecture-giant-wild-goose-pagoda	2026-03-14
https://www.curify-ai.com/en/nano-template/template-species-zh	2026-03-14
https://www.curify-ai.com/zh/nano-template/solar-term/example/template-solar-term-chunfen	2026-03-14
https://www.curify-ai.com/zh/nano-template/word-scene/example/template-word-scene-zh-family-hotel	2026-03-14
https://www.curify-ai.com/zh/nano-template/template-mbti-animal/example/template-mbti-animal-zh-annual-meeting  3	2026-03-14
https://www.curify-ai.com/zh/nano-template/template-word-scene/example/template-word-scene-zh-military-base  1	2026-03-14
https://www.curify-ai.com/nano-template/template-what-if-history/example/template-what-if-history-roman-han	2026-03-14
https://www.curify-ai.com/en/nano-template/template-recipe-zh/example/template-recipe-zh-kung-pao-chicken	2026-03-14
https://www.curify-ai.com/fr/nano-banana-pro-prompts/3824	2026-03-14
https://www.curify-ai.com/fr/nano-banana-pro-prompts/4085	2026-03-14
https://www.curify-ai.com/en/nano-banana-pro-prompts/603	2026-03-14
https://www.curify-ai.com/en/nano-template/herbal-zh/example/template-herbal-zh-cortex-eucommiae	2026-03-14
https://www.curify-ai.com/en/nano-template/constellation-steampunk-zh/example/template-constellation-steampunk-zh-aries	2026-03-14
https://www.curify-ai.com/en/nano-template/template-character-zh/example/template-character-zh-hanxin	2026-03-14
https://www.curify-ai.com/en/nano-template/city-miniature-zh/example/template-city-miniature-zh-tokyo	2026-03-14
https://www.curify-ai.com/nano-template/template-mbti-animal/example/template-mbti-animal-zh-annual-meeting  4	2026-03-14
https://www.curify-ai.com/nano-template/template-character-zh/example/template-character-zh-academic-dream-of-the-red-chamber  1	2026-03-14
https://www.curify-ai.com/zh/nano-template/word-scene/example/template-word-scene-zh-shinchan-swimming-pool	2026-03-14
https://www.curify-ai.com/zh/nano-template/cultural-relic/example/template-cultural-relic-dunhuang-mogao-grottoes	2026-03-14
https://www.curify-ai.com/tr/blog/storyboard-to-pipeline	2026-03-14
https://www.curify-ai.com/zh/nano-template/template-cultural-relic/example/template-cultural-relic-simu-wu-ding	2026-03-14
https://www.curify-ai.com/zh/nano-template/template-word-scene/example/template-word-scene-zh-shinchan-swimming-pool	2026-03-14
https://www.curify-ai.com/zh/nano-banana-pro-prompts/2992	2026-03-14
https://www.curify-ai.com/nano-template/travel-zh	2026-03-14
https://www.curify-ai.com/zh/nano-template/template-herbal-zh/example/template-herbal-zh-atractylodes-macrocephala	2026-03-14
https://www.curify-ai.com/zh/nano-template/species-science-zh/example/template-species-science-zh-ginkgo-tree	2026-03-14
https://www.curify-ai.com/hi/nano-template/fruit	2026-03-14
https://www.curify-ai.com/de/nano-banana-pro-prompts/3464	2026-03-14
https://www.curify-ai.com/zh/nano-template/template-costume-zh/example/template-costume-zh-tang-qixiong	2026-03-14
https://www.curify-ai.com/de/nano-banana-pro-prompts/2884	2026-03-14
https://www.curify-ai.com/nano-template/template-word-scene/example/template-word-scene-zh-chef-kitchen	2026-03-14
https://curify-ai.com/ja/nano-banana-pro-prompts/1078	2026-03-14
https://curify-ai.com/ja/nano-banana-pro-prompts/2575	2026-03-14
https://www.curify-ai.com/ja/nano-banana-pro-prompts/2575	2026-03-14
https://www.curify-ai.com/nano-template/mbti-generic/example/template-mbti-generic-ThreeKingdoms-zh-SimaYi	2026-03-14
https://www.curify-ai.com/de/nano-banana-pro-prompts/3332	2026-03-14
https://www.curify-ai.com/en/nano-template/template-herbal-zh/example/template-herbal-zh-angelica	2026-03-14
https://curify-ai.com/es/nano-banana-pro-prompts/4286	2026-03-14
https://www.curify-ai.com/es/nano-banana-pro-prompts/4286	2026-03-14
https://www.curify-ai.com/zh/nano-template/template-species-science-zh/example/template-species-science-zh-snow-leopard	2026-03-14
https://www.curify-ai.com/blog/video-enhancement	2026-03-14
https://www.curify-ai.com/nano-template/template-character-zh/example/template-character-zh-academic-three-kingdoms  2	2026-03-14
https://www.curify-ai.com/es/nano-banana-pro-prompts/2390	2026-03-14
https://www.curify-ai.com/nano-template/herbal-zh/example/template-herbal-zh-cortex-eucommiae	2026-03-14
https://www.curify-ai.com/de/nano-banana-pro-prompts/3261	2026-03-14
https://www.curify-ai.com/ja/nano-template/mbti-generic	2026-03-14
https://www.curify-ai.com/zh/nano-template/herbal-zh/example/template-herbal-zh-safflower	2026-03-14
https://www.curify-ai.com/nano-template/template-fashion-ecommerce/example/template-fashion-ecommerce-zh-necklace	2026-03-14
https://www.curify-ai.com/nano-template/template-herbal-zh/example/template-herbal-zh-angelica	2026-03-14
https://curify-ai.com/tr/nano-banana-pro-prompts/3443	2026-03-14
https://www.curify-ai.com/tr/nano-banana-pro-prompts/3443	2026-03-14
https://www.curify-ai.com/de/tools/video-dubbing	2026-03-14
https://www.curify-ai.com/ko/nano-template/fruit	2026-03-14
https://www.curify-ai.com/zh/nano-template/fruit	2026-03-14
https://www.curify-ai.com/zh/nano-template/template-hot-event-analysis-zh	2026-03-14
https://www.curify-ai.com/zh/nano-template/template-word-scene/example/template-word-scene-zh-student-dinosaur-jungle	2026-03-14
https://www.curify-ai.com/zh/nano-template/template-mbti-animal/example/template-mbti-animal-zh-ski-resort	2026-03-14
https://www.curify-ai.com/nano-template/template-herbal-zh/example/template-herbal-zh-herba-lycopodii	2026-03-14
https://www.curify-ai.com/zh/nano-template/template-food/example/template-food-wine-mussels	2026-03-14
https://www.curify-ai.com/en/nano-template/book-series	2026-03-14
https://www.curify-ai.com/de/nano-banana-pro-prompts/551	2026-03-14
https://www.curify-ai.com/zh/nano-template/book-series/example/template-book-series-Journey-to-the-West  6	2026-03-14
https://www.curify-ai.com/zh/nano-template/word-scene/example/template-word-scene-child-park	2026-03-14
https://www.curify-ai.com/tr/nano-banana-pro-prompts/2309	2026-03-14
https://www.curify-ai.com/zh/nano-template/template-cultural-relic/example/template-cultural-relic-yuewang-goujian-sword	2026-03-14
https://www.curify-ai.com/zh/nano-template/template-species-science-zh/example/template-species-science-zh-egret	2026-03-14
https://www.curify-ai.com/zh/nano-template/dog-breed/example/template-dog-breed-labrador	2026-03-14
https://www.curify-ai.com/zh/nano-template/guofeng-scroll-zh/example/template-guofeng-scroll-zh-chinese-figure-fengshenbang	2026-03-14
https://www.curify-ai.com/zh/nano-template/herbal-zh/example/template-herbal-zh-caulis-spatholobi	2026-03-14
https://www.curify-ai.com/zh/nano-template/herbal-zh/example/template-herbal-zh-ginseng	2026-03-14
https://www.curify-ai.com/zh/nano-template/herbal-zh/example/template-herbal-zh-lily	2026-03-14
https://www.curify-ai.com/zh/nano-template/hot-event-analysis-zh/example/template-hot-event-analysis-zh-declining-fertility-rate	2026-03-14
https://www.curify-ai.com/zh/nano-template/intangible-heritage-zh/example/template-intangible-heritage-zh-anshun-opera	2026-03-14
https://www.curify-ai.com/zh/nano-template/mbti-generic/example/template-mbti-generic-ai-en-claude-infj	2026-03-14
https://www.curify-ai.com/zh/nano-template/mbti-generic/example/template-mbti-generic-employee-en-group	2026-03-14
https://www.curify-ai.com/zh/nano-template/mbti-generic/example/template-mbti-generic-employee-zh-enfj	2026-03-14
https://www.curify-ai.com/zh/nano-template/mbti-generic/example/template-mbti-generic-spring-festival-zh-INFJ-vs-ESFJ-home	2026-03-14
https://www.curify-ai.com/zh/nano-template/character-zh/example/template-character-zh-academic-sun-wukong	2026-03-14
https://www.curify-ai.com/zh/nano-template/herbal-zh/example/template-herbal-zh-chuanxiong	2026-03-14
https://www.curify-ai.com/zh/nano-template/mbti-contrast-zh/example/template-mbti-contrast-zh-love-INFJ-vs-ESTP-daily-interaction	2026-03-14
https://www.curify-ai.com/zh/nano-template/character-zh/example/template-character-zh-baiqi	2026-03-14
https://www.curify-ai.com/zh/nano-template/constellation-steampunk-zh/example/template-constellation-steampunk-zh-libra	2026-03-14
https://www.curify-ai.com/zh/nano-template/costume-zh/example/template-costume-zh-song-beizi	2026-03-14
https://www.curify-ai.com/zh/nano-template/education-zh/example/template-education-zh-conservation-of-energy	2026-03-14
https://www.curify-ai.com/zh/nano-template/herbal-zh/example/template-herbal-zh-fructus-evodiae	2026-03-14
https://www.curify-ai.com/zh/nano-template/herbal-zh/example/template-herbal-zh-plantaginis-semen	2026-03-14
https://www.curify-ai.com/zh/nano-template/intangible-heritage-zh/example/template-intangible-heritage-zh-paper-cutting	2026-03-14
https://www.curify-ai.com/zh/nano-template/mbti-generic/example/template-mbti-generic-ai-founders-en-dario	2026-03-14
https://www.curify-ai.com/zh/nano-template/solar-term/example/template-solar-term-daxue	2026-03-14
https://www.curify-ai.com/zh/nano-template/weather/example/template-weather-zh-nanjing	2026-03-14
https://www.curify-ai.com/zh/nano-template/character-zh/example/template-character-zh-detective-conan-shinichi-kudo	2026-03-14
https://www.curify-ai.com/zh/nano-template/cultural-relic/example/template-cultural-relic-terracotta-warriors	2026-03-14
https://www.curify-ai.com/zh/nano-template/dog-breed/example/template-dog-breed-bulldog	2026-03-14
https://www.curify-ai.com/zh/nano-template/fashion-ecommerce/example/template-fashion-ecommerce-zh-dress	2026-03-14
https://www.curify-ai.com/zh/nano-template/fashion-ecommerce/example/template-fashion-ecommerce-zh-ring	2026-03-14
https://www.curify-ai.com/zh/nano-template/herbal-zh/example/template-herbal-zh-flos-caryophylli	2026-03-14
https://www.curify-ai.com/zh/nano-template/hot-event-analysis-zh/example/template-hot-event-analysis-zh-aging-society-impact	2026-03-14
https://www.curify-ai.com/zh/nano-template/mbti-animal/example/template-mbti-animal-zh-annual-meeting  4	2026-03-14
https://www.curify-ai.com/zh/nano-template/mbti-generic/example/template-mbti-generic-employee-en-estp	2026-03-14
https://www.curify-ai.com/zh/nano-template/travel-zh/example/template-travel-zh-xishuangbanna	2026-03-14
https://www.curify-ai.com/zh/nano-template/template-species-science-zh/example/template-species-science-zh-pangolin	2026-03-14
https://www.curify-ai.com/zh/nano-template/fashion-ecommerce/example/template-fashion-ecommerce-zh-necklace	2026-03-14
https://www.curify-ai.com/zh/nano-template/herbal-zh/example/template-herbal-zh-schisandra-chinensis	2026-03-14
https://www.curify-ai.com/zh/nano-template/character-zh/example/template-character-zh-academic-journey-to-the-west-3	2026-03-14
https://www.curify-ai.com/zh/nano-template/herbal-zh/example/template-herbal-zh-jujube	2026-03-14
https://www.curify-ai.com/zh/nano-template/character-zh/example/template-character-zh-zhugeliang	2026-03-14
https://www.curify-ai.com/fr/nano-template/food	2026-03-14
https://www.curify-ai.com/zh/nano-template/travel-zh/example/template-travel-zh-sanya	2026-03-14
https://www.curify-ai.com/nano-template/template-word-scene/example/template-word-scene-zh-temple-fair  1	2026-03-14
https://www.curify-ai.com/ru/nano-banana-pro-prompts/3382	2026-03-14
https://www.curify-ai.com/zh/nano-template/template-word-scene/example/template-word-scene-zh-student-space-station	2026-03-14
https://www.curify-ai.com/zh/nano-template/costume-zh/example/template-costume-zh-qing-dynasty-buzi	2026-03-14
https://www.curify-ai.com/zh/nano-template/mbti-animal/example/template-mbti-animal-zh-plane  1	2026-03-14
https://www.curify-ai.com/zh/nano-template/weather/example/template-weather-zh-beijing	2026-03-14
https://www.curify-ai.com/fr/nano-banana-pro-prompts/2174	2026-03-14
https://www.curify-ai.com/nano-banana-pro-prompts/3010	2026-03-14
https://www.curify-ai.com/nano-template/mbti-animal/example/template-mbti-animal-zh-annual-meeting  5	2026-03-14
https://www.curify-ai.com/nano-template/solar-term/example/template-solar-term-dongzhi	2026-03-14
https://www.curify-ai.com/nano-template/template-herbal-zh/example/template-herbal-zh-semen-platycladi	2026-03-14
https://www.curify-ai.com/nano-template/book-series/example/template-book-series-Journey-to-the-West  4	2026-03-14
https://www.curify-ai.com/nano-template/food/example/template-food-en-bak-kut-teh	2026-03-14
https://www.curify-ai.com/nano-template/food/example/template-food-en-kangaroo-steak	2026-03-14
https://www.curify-ai.com/zh/nano-template/education-card	2026-03-14
https://www.curify-ai.com/zh/nano-template/evolution	2026-03-14
https://www.curify-ai.com/nano-template/solar-term/example/template-solar-term-daxue	2026-03-14
https://www.curify-ai.com/nano-template/fashion-ecommerce/example/template-fashion-ecommerce-zh-shoes	2026-03-14
https://www.curify-ai.com/nano-template/template-mbti-animal/example/template-mbti-animal-zh-amusement-park  1	2026-03-14
https://www.curify-ai.com/zh/nano-template/template-book-series	2026-03-14
https://www.curify-ai.com/hi/nano-template/word-scene	2026-03-14
https://www.curify-ai.com/es/nano-template/intangible-heritage-zh	2026-03-14
https://www.curify-ai.com/ru/nano-template/city-miniature-zh	2026-03-14
https://www.curify-ai.com/de/nano-banana-pro-prompts/2601	2026-03-14
https://curify-ai.com/tr/nano-banana-pro-prompts/1986	2026-03-14
https://www.curify-ai.com/tr/nano-banana-pro-prompts/1986	2026-03-14
https://www.curify-ai.com/hi/nano-banana-pro-prompts/2536	2026-03-14
https://www.curify-ai.com/zh/nano-template/template-species-science-zh/example/template-species-science-zh-ginkgo-tree	2026-03-14
https://www.curify-ai.com/zh/nano-template/template-dog-breed/example/template-dog-breed-poodle	2026-03-14
https://www.curify-ai.com/zh/nano-template/mbti-contrast-zh/example/template-mbti-contrast-zh-love-ISTJ-vs-ESFP-after-fight	2026-03-14
https://www.curify-ai.com/zh/nano-template/character-zh/example/template-character-zh-eight-immortals	2026-03-14
https://www.curify-ai.com/zh/nano-template/what-if-history/example/template-what-if-history-Hormuz-Crisis-2026	2026-03-14
https://www.curify-ai.com/zh/nano-template/word-scene/example/template-word-scene-farmer-farm	2026-03-14
https://www.curify-ai.com/zh/nano-template/book-series/example/template-book-series-Journey-to-the-West  2	2026-03-14
https://www.curify-ai.com/zh/nano-template/cultural-relic/example/template-cultural-relic-yuewang-goujian-sword	2026-03-14
https://www.curify-ai.com/fr/nano-template/guofeng-scroll-zh	2026-03-14
https://www.curify-ai.com/nano-template/dog-breed/example/template-dog-breed-bulldog	2026-03-14
https://www.curify-ai.com/nano-template/word-scene/example/template-word-scene-zh-family-hotel	2026-03-14
https://www.curify-ai.com/nano-template/template-word-scene/example/template-word-scene-zh-new-year  1	2026-03-14
https://www.curify-ai.com/nano-template/template-word-scene/example/template-word-scene-zh-party	2026-03-14
https://www.curify-ai.com/de/nano-template/character-analysis-zh	2026-03-14
https://www.curify-ai.com/nano-template/solar-term/example/template-solar-term-qingming	2026-03-14
https://www.curify-ai.com/nano-template/mbti-generic/example/template-mbti-generic-employee-zh-estj	2026-03-14
https://www.curify-ai.com/en/nano-banana-pro-prompts/2470	2026-03-14
https://www.curify-ai.com/de/nano-banana-pro-prompts/1489	2026-03-14
https://www.curify-ai.com/zh/nano-template/template-food	2026-03-14
https://www.curify-ai.com/fr/nano-banana-pro-prompts/1985	2026-03-14
https://www.curify-ai.com/es/nano-banana-pro-prompts/1076	2026-03-14
https://www.curify-ai.com/zh/nano-banana-pro-prompts/897	2026-03-14
https://www.curify-ai.com/en/nano-banana-pro-prompts/3009	2026-03-14
https://curify-ai.com/en/nano-banana-pro-prompts/3301	2026-03-14
https://www.curify-ai.com/en/nano-banana-pro-prompts/3301	2026-03-14
https://curify-ai.com/es/nano-banana-pro-prompts/3146	2026-03-14
https://www.curify-ai.com/es/nano-banana-pro-prompts/3146	2026-03-14
https://curify-ai.com/es/nano-banana-pro-prompts/3301	2026-03-14
https://www.curify-ai.com/es/nano-banana-pro-prompts/3301	2026-03-14
https://www.curify-ai.com/en/nano-template/template-character-zh/example/template-character-zh-academic-journey-to-the-west-3	2026-03-14
https://www.curify-ai.com/zh/nano-template/book-series/example/template-book-series-Journey-to-the-West  4	2026-03-14
https://www.curify-ai.com/zh/nano-template/herbal-zh/example/template-herbal-zh-cortex-cinnamomi	2026-03-14
https://www.curify-ai.com/zh/nano-template/mbti-animal/example/template-mbti-animal-zh-cafe  3	2026-03-14
https://www.curify-ai.com/zh/nano-template/mbti-generic/example/template-mbti-generic-bbt-en-amy	2026-03-14
https://www.curify-ai.com/zh/nano-template/species-science-zh/example/template-species-science-zh-giant-panda	2026-03-14
https://www.curify-ai.com/zh/nano-template/character-zh/example/template-character-zh-academic-dream-of-the-red-chamber  3	2026-03-14
https://www.curify-ai.com/zh/nano-template/character-zh/example/template-character-zh-academic-sandy	2026-03-14
https://www.curify-ai.com/zh/nano-template/character-zh/example/template-character-zh-academic-three-kingdoms  3	2026-03-14
https://www.curify-ai.com/zh/nano-template/fashion-ecommerce/example/template-fashion-ecommerce-zh-desk-lamp	2026-03-14
https://www.curify-ai.com/zh/nano-template/hotspot-card-zh/example/template-hotspot-card-zh-Indian-Manned-Space-3	2026-03-14
https://www.curify-ai.com/zh/nano-template/mbti-animal/example/template-mbti-animal-personality-zh-enfp-infp-esfj-isfp	2026-03-14
https://www.curify-ai.com/zh/nano-template/mbti-generic/example/template-mbti-generic-friends-chandler	2026-03-14
https://www.curify-ai.com/zh/nano-template/word-scene/example/template-word-scene-zh-family-airport	2026-03-14
https://www.curify-ai.com/fr/nano-template/mbti-contrast-zh	2026-03-14
https://www.curify-ai.com/de/nano-template/fashion-ecommerce	2026-03-14
https://www.curify-ai.com/de/nano-banana-pro-prompts/3301	2026-03-14
https://www.curify-ai.com/ko/nano-template/hotspot-card-zh	2026-03-14
https://www.curify-ai.com/nano-template/herbal-zh/example/template-herbal-zh-safflower	2026-03-14
https://www.curify-ai.com/nano-template/character-zh/example/template-character-zh-academic-journey-to-the-west-2	2026-03-14
https://www.curify-ai.com/nano-template/constellation-steampunk-zh/example/template-constellation-steampunk-zh-sagittarius	2026-03-14
https://www.curify-ai.com/nano-template/education-zh/example/template-education-zh-plate-tectonics	2026-03-14
https://www.curify-ai.com/nano-template/food/example/template-food-en-paella	2026-03-14
https://www.curify-ai.com/nano-template/guofeng-scroll-zh/example/template-guofeng-scroll-zh-chinese-figure-mudan-ting	2026-03-14
https://www.curify-ai.com/nano-template/mbti-generic/example/template-mbti-generic-ThreeKingdoms-zh-GuanYu	2026-03-14
https://www.curify-ai.com/ko/nano-banana-pro-prompts/112	2026-03-14
https://www.curify-ai.com/nano-template/intangible-heritage-zh/example/template-intangible-heritage-zh-lion-dance	2026-03-14
https://www.curify-ai.com/es/nano-template/character-zh	2026-03-14
https://www.curify-ai.com/fr/nano-template/costume-zh	2026-03-14
https://www.curify-ai.com/fr/nano-template/herbal-zh	2026-03-14
https://www.curify-ai.com/nano-template/herbal-zh/example/template-herbal-zh-fuzi	2026-03-14
https://www.curify-ai.com/nano-template/mbti-animal/example/template-mbti-animal-personality-zh-isfp-estp-istp-istj	2026-03-14
https://www.curify-ai.com/nano-template/character-zh/example/template-character-zh-liqingzhao	2026-03-14
https://www.curify-ai.com/nano-template/fruit/example/template-fruit-en-blueberry	2026-03-14
https://www.curify-ai.com/nano-template/herbal-zh/example/template-herbal-zh-american-ginseng	2026-03-14
https://www.curify-ai.com/nano-template/herbal-zh/example/template-herbal-zh-semen-ziziphi-spinosae	2026-03-14
https://www.curify-ai.com/nano-template/mbti-generic/example/template-mbti-generic-Basketball-en-Kobe-Bryant-Stephen-Curry-Kevin-Durant-Tim-Duncan	2026-03-14
https://www.curify-ai.com/nano-template/mbti-generic/example/template-mbti-generic-HongLouMeng-zh-LinDaiyu	2026-03-14
https://www.curify-ai.com/nano-template/mbti-generic/example/template-mbti-generic-ThreeKingdoms-en-ZhouYu	2026-03-14
https://www.curify-ai.com/nano-template/word-scene/example/template-word-scene-zh-student-underwater-classroom	2026-03-14
https://www.curify-ai.com/nano-template/word-scene/example/template-word-scene-zh-student-wizard-school	2026-03-14
https://www.curify-ai.com/hi/nano-banana-pro-prompts/76	2026-03-14
https://www.curify-ai.com/nano-template/template-fashion-ecommerce/example/template-fashion-ecommerce-zh-desk-lamp	2026-03-14
https://www.curify-ai.com/nano-template/template-solar-term/example/template-solar-term-daxue	2026-03-14
https://www.curify-ai.com/es/nano-template/character-comparison	2026-03-14
https://www.curify-ai.com/nano-template/constellation-steampunk-zh/example/template-constellation-steampunk-zh-libra	2026-03-14
https://www.curify-ai.com/nano-template/cultural-relic/example/template-cultural-relic-simu-wu-ding	2026-03-14
https://www.curify-ai.com/nano-template/species-science-zh/example/template-species-science-zh-giant-panda	2026-03-14
https://www.curify-ai.com/fr/nano-template/city-miniature-zh	2026-03-14
https://www.curify-ai.com/nano-template/food/example/template-food-xiangyang-beef-noodles	2026-03-14
https://www.curify-ai.com/nano-template/fruit/example/template-fruit-en-durian	2026-03-14
https://www.curify-ai.com/nano-template/herbal-zh/example/template-herbal-zh-dendrobium	2026-03-14
https://www.curify-ai.com/nano-template/herbal-zh/example/template-herbal-zh-polygonatum	2026-03-14
https://www.curify-ai.com/nano-template/hot-event-analysis-zh/example/template-hot-event-analysis-zh-aging-society-impact	2026-03-14
https://www.curify-ai.com/nano-template/mbti-generic/example/template-mbti-generic-ai-en-stable-diffusion-estp	2026-03-14
https://www.curify-ai.com/nano-template/costume-zh/example/template-costume-zh-qing-dynasty-buzi	2026-03-14
https://www.curify-ai.com/nano-template/evolution/example/template-evolution-western-art-development	2026-03-14
https://www.curify-ai.com/nano-template/mbti-animal/example/template-mbti-animal-personality-zh-enfj-isfj-estj-infj	2026-03-14
https://www.curify-ai.com/nano-template/mbti-generic/example/template-mbti-generic-friends-group-3	2026-03-14
https://www.curify-ai.com/nano-template/what-if-history/example/template-what-if-history-byzantine-tang	2026-03-14
https://www.curify-ai.com/nano-template/character-zh/example/template-character-zh-baiqi	2026-03-14
https://www.curify-ai.com/nano-template/constellation-steampunk-zh/example/template-constellation-steampunk-zh-aries	2026-03-14
https://www.curify-ai.com/nano-template/fruit/example/template-fruit-en-avocado	2026-03-14
https://www.curify-ai.com/nano-template/herbal-zh/example/template-herbal-zh-goji-berry	2026-03-14
https://www.curify-ai.com/ja/nano-banana-pro-prompts/136	2026-03-14
https://www.curify-ai.com/zh/nano-banana-pro-prompts/523	2026-03-14
https://www.curify-ai.com/ko/nano-banana-pro-prompts/3730	2026-03-14
https://curify-ai.com/en/nano-banana-pro-prompts/2775	2026-03-14
https://www.curify-ai.com/en/nano-banana-pro-prompts/2775	2026-03-14
https://www.curify-ai.com/hi/nano-banana-pro-prompts/357	2026-03-14
https://www.curify-ai.com/en/nano-template/template-battle	2026-03-14
https://www.curify-ai.com/de/nano-banana-pro-prompts/2473	2026-03-14
https://www.curify-ai.com/en/nano-banana-pro-prompts/1206	2026-03-14
https://www.curify-ai.com/en/nano-template/template-character-zh/example/template-character-zh-direnjie	2026-03-14
https://www.curify-ai.com/zh/nano-template/template-word-scene/example/template-word-scene-zh-student-library	2026-03-14
https://www.curify-ai.com/es/nano-template/battle	2026-03-14
https://www.curify-ai.com/hi/nano-template/weather	2026-03-14
https://www.curify-ai.com/ru/nano-template/travel-zh	2026-03-14
https://www.curify-ai.com/zh/nano-template/city-miniature-zh	2026-03-14
https://www.curify-ai.com/nano-template/template-recipe-zh/example/template-recipe-zh-kung-pao-chicken	2026-03-14
https://www.curify-ai.com/nano-template/intangible-heritage-zh/example/template-intangible-heritage-zh-cloisonne	2026-03-14
https://www.curify-ai.com/nano-template/city-miniature-zh/example/template-city-miniature-zh-tokyo	2026-03-14
https://www.curify-ai.com/nano-template/herbal-zh/example/template-herbal-zh-buddlejae-flos	2026-03-14
https://www.curify-ai.com/nano-template/word-scene/example/template-word-scene-zh-temple-fair  2	2026-03-14
https://www.curify-ai.com/nano-template/template-character-zh/example/template-character-zh-hanxin	2026-03-14
https://www.curify-ai.com/nano-template/architecture/example/template-architecture-giant-wild-goose-pagoda	2026-03-14
https://www.curify-ai.com/ko/nano-template/cultural-relic-retro-infographic	2026-03-14
https://www.curify-ai.com/tr/nano-template/costume-zh	2026-03-14
https://www.curify-ai.com/de/nano-banana-pro-prompts/1788	2026-03-14
https://www.curify-ai.com/fr/nano-banana-pro-prompts/1533	2026-03-14
https://www.curify-ai.com/fr/nano-banana-pro-prompts/242	2026-03-14
https://www.curify-ai.com/ko/nano-template/character-analysis-zh	2026-03-14
https://www.curify-ai.com/nano-template/template-fruit/example/template-fruit-en-durian	2026-03-14
https://www.curify-ai.com/nano-template/template-solar-term/example/template-solar-term-guyu	2026-03-14
https://www.curify-ai.com/zh/nano-template/template-food/example/template-food-tianjin-jianbing-guozi	2026-03-14
https://www.curify-ai.com/zh/nano-template/template-solar-term/example/template-solar-term-chunfen	2026-03-14
https://www.curify-ai.com/zh/nano-template/word-scene/example/template-word-scene-zh-family-road	2026-03-14
https://www.curify-ai.com/zh/nano-template/word-scene/example/template-word-scene-zh-supermarket	2026-03-14
https://www.curify-ai.com/zh/nano-template/character-zh/example/template-character-zh-academic-dream-of-the-red-chamber  2	2026-03-14
https://www.curify-ai.com/zh/nano-template/character-analysis-zh/example/template-character-analysis-zh-zhu-bajie	2026-03-14
https://www.curify-ai.com/zh/nano-template/fashion-ecommerce/example/template-fashion-ecommerce-zh-scarf	2026-03-14
https://www.curify-ai.com/zh/nano-template/herbal-zh/example/template-herbal-zh-notoginseng	2026-03-14
https://www.curify-ai.com/zh/nano-template/mbti-generic/example/template-mbti-generic-Marvel-Tony-Steve-Natasha-Peter	2026-03-14
https://www.curify-ai.com/zh/nano-template/fashion-ecommerce/example/template-fashion-ecommerce-zh-watch	2026-03-14
https://www.curify-ai.com/zh/nano-template/character-zh/example/template-character-zh-liqingzhao	2026-03-14
https://www.curify-ai.com/zh/nano-template/education-card/example/template-education-card-resource-environmental-carrying-capacity	2026-03-14
https://www.curify-ai.com/zh/nano-template/mbti-generic/example/template-mbti-generic-spring-festival-zh-INTJ-vs-ESTP-high-speed-rail	2026-03-14
https://www.curify-ai.com/zh/nano-template/weather/example/template-weather-zh-wuhan	2026-03-14
https://www.curify-ai.com/nano-template/education-zh/example/template-education-zh-electromagnetic-induction	2026-03-14
https://www.curify-ai.com/nano-template/fashion-ecommerce/example/template-fashion-ecommerce-zh-shirt	2026-03-14
https://www.curify-ai.com/nano-template/fruit/example/template-fruit-en-raspberry	2026-03-14
https://www.curify-ai.com/nano-template/mbti-generic/example/template-mbti-generic-breaking-bad-en-jesse-pinkman	2026-03-14
https://www.curify-ai.com/tr/nano-template/solar-term	2026-03-14
https://www.curify-ai.com/en/nano-banana-pro-prompts/1413	2026-03-14
https://www.curify-ai.com/en/nano-template/travel-zh/example/template-travel-zh-beijing	2026-03-14
https://curify-ai.com/fr/nano-banana-pro-prompts/601	2026-03-14
https://www.curify-ai.com/fr/nano-banana-pro-prompts/601	2026-03-14
https://curify-ai.com/es/nano-banana-pro-prompts/2756	2026-03-14
https://www.curify-ai.com/en/nano-template/travel-zh/example/template-travel-zh-xian	2026-03-14
https://www.curify-ai.com/fr/nano-banana-pro-prompts/357	2026-03-14
https://www.curify-ai.com/es/nano-banana-pro-prompts/3519	2026-03-14
https://www.curify-ai.com/ru/nano-banana-pro-prompts/1993	2026-03-14
https://curify-ai.com/en/nano-banana-pro-prompts/3994	2026-03-14
https://www.curify-ai.com/en/nano-banana-pro-prompts/3994	2026-03-14
https://www.curify-ai.com/en/nano-banana-pro-prompts/2780	2026-03-14
https://www.curify-ai.com/en/nano-template/herbal-zh/example/template-herbal-zh-semen-platycladi	2026-03-14
https://www.curify-ai.com/fr/nano-banana-pro-prompts/2390	2026-03-14
https://www.curify-ai.com/ja/topics/film	2026-03-14
https://www.curify-ai.com/zh/nano-template/mbti-animal/example/template-mbti-animal-zh-annual-meeting  7	2026-03-14
https://www.curify-ai.com/nano-template/template-fashion-ecommerce/example/template-fashion-ecommerce-zh-pendant	2026-03-14
https://www.curify-ai.com/ja/nano-banana-pro-prompts/421	2026-03-14
https://www.curify-ai.com/de/nano-template/weather	2026-03-14
https://www.curify-ai.com/nano-template/mbti-generic/example/template-mbti-generic-employee-zh-entj	2026-03-14
https://www.curify-ai.com/nano-template/guofeng-scroll-zh/example/template-guofeng-scroll-zh-chinese-figure-fengshenbang	2026-03-14
https://www.curify-ai.com/en/nano-banana-pro-prompts/672	2026-03-14
https://www.curify-ai.com/zh/nano-template/template-mbti-animal/example/template-mbti-animal-zh-ski-resort  4	2026-03-14
https://www.curify-ai.com/ja/nano-banana-pro-prompts/3165	2026-03-14
https://www.curify-ai.com/zh/nano-template/template-fashion-ecommerce/example/template-fashion-ecommerce-zh-jacket	2026-03-14
https://www.curify-ai.com/nano-template/template-weather/example/template-weather-zh-beijing	2026-03-14
https://www.curify-ai.com/nano-template/template-herbal-zh/example/template-herbal-zh-atractylodes-macrocephala	2026-03-14
https://www.curify-ai.com/nano-template/template-species-science-zh/example/template-species-science-zh-giant-panda	2026-03-14
https://www.curify-ai.com/nano-template/template-hot-event-analysis-zh/example/template-hot-event-analysis-zh-aging-society-impact	2026-03-14
https://www.curify-ai.com/ru/nano-template/template-hot-event-analysis-zh	2026-03-14
https://curify-ai.com/es/nano-banana-pro-prompts/2621	2026-03-13
https://www.curify-ai.com/es/nano-banana-pro-prompts/2621	2026-03-13
https://www.curify-ai.com/de/nano-banana-pro-prompts/2940	2026-03-13
https://www.curify-ai.com/ko/inspiration-hub	2026-03-13
https://www.curify-ai.com/zh/blog/asl-video-translator	2026-03-13
https://www.curify-ai.com/zh/nano-template/mbti-animal/example/template-mbti-animal-zh-cafe  1	2026-03-13
https://www.curify-ai.com/zh/nano-template/character-zh/example/template-character-zh-slam-dunk-hanamichi-sakuragi	2026-03-13
https://www.curify-ai.com/zh/nano-template/evolution/example/template-evolution-chinese-social-changes	2026-03-13
https://www.curify-ai.com/zh/nano-template/mbti-generic/example/template-mbti-generic-breaking-bad-en-mike-ehrmantraut	2026-03-13
https://www.curify-ai.com/zh/nano-template/cultural-relic/example/template-cultural-relic-four-sheep-square-zun	2026-03-13
https://www.curify-ai.com/zh/nano-template/fashion-ecommerce/example/template-fashion-ecommerce-zh-hairdryer	2026-03-13
https://www.curify-ai.com/zh/nano-template/book-series/example/template-book-series-Journey-to-the-West  1	2026-03-13
https://www.curify-ai.com/zh/nano-template/mbti-generic/example/template-mbti-generic-friends-group-3	2026-03-13
https://www.curify-ai.com/zh/nano-template/herbal-zh/example/template-herbal-zh-achyranthes	2026-03-13
https://www.curify-ai.com/zh/nano-template/solar-term/example/template-solar-term-xiaoman	2026-03-13
https://www.curify-ai.com/nano-template/template-herbal-zh/example/template-herbal-zh-houttuynia-cordata	2026-03-13
https://www.curify-ai.com/nano-template/mbti-animal/example/template-mbti-animal-zh-annual-meeting  3	2026-03-13
https://www.curify-ai.com/nano-template/herbal-zh/example/template-herbal-zh-ginseng	2026-03-13
https://www.curify-ai.com/nano-template/template-food/example/template-food-en-kangaroo-steak	2026-03-13
https://www.curify-ai.com/en/nano-template/template-solar-term	2026-03-13
https://www.curify-ai.com/fr/nano-template/dog-breed-retro-infographic	2026-03-13
https://www.curify-ai.com/nano-template/herbal-zh/example/template-herbal-zh-polygonum-multiflorum-caulis	2026-03-13
https://www.curify-ai.com/nano-template/mbti-animal/example/template-mbti-animal-zh-cafe  2	2026-03-13
https://www.curify-ai.com/nano-template/mbti-generic/example/template-mbti-generic-bbt-en-bernadette	2026-03-13
https://www.curify-ai.com/nano-template/recipe-zh/example/template-recipe-zh-sweet-and-sour-ribs	2026-03-13
https://www.curify-ai.com/nano-template/template-herbal-zh/example/template-herbal-zh-caulis-spatholobi	2026-03-13
https://www.curify-ai.com/nano-template/template-mbti-animal/example/template-mbti-animal-zh-annual-concert	2026-03-13
https://www.curify-ai.com/es/nano-template/fruit	2026-03-13
https://www.curify-ai.com/hi/nano-template/fashion-ecommerce	2026-03-13
https://www.curify-ai.com/nano-template/template-book-series/example/template-book-series-Journey-to-the-West  5	2026-03-13
https://www.curify-ai.com/nano-template/template-mbti-contrast-zh/example/template-mbti-contrast-zh-ESTJ  vs INTP-high-speed-rail	2026-03-13
https://www.curify-ai.com/nano-template/template-word-scene/example/template-word-scene-zh-temple-fair  2	2026-03-13
https://www.curify-ai.com/de/nano-template/solar-term	2026-03-13
https://www.curify-ai.com/ja/nano-template/hotspot-card-zh	2026-03-13
https://www.curify-ai.com/ru/nano-template/word-scene	2026-03-13
https://www.curify-ai.com/tr/nano-template/portrait-retouching-blueprint	2026-03-13
https://www.curify-ai.com/zh/nano-template/hotspot-card-zh	2026-03-13
https://www.curify-ai.com/nano-template/architecture/example/template-architecture-national-stadium-bird-nest	2026-03-13
https://www.curify-ai.com/nano-template/character-zh/example/template-character-zh-academic-sun-wukong	2026-03-13
https://www.curify-ai.com/nano-template/character-zh/example/template-character-zh-academic-tang-seng	2026-03-13
https://www.curify-ai.com/nano-template/character-zh/example/template-character-zh-academic-three-kingdoms  3	2026-03-13
https://www.curify-ai.com/nano-template/character-zh/example/template-character-zh-zhugeliang	2026-03-13
https://www.curify-ai.com/nano-template/constellation-steampunk-zh/example/template-constellation-steampunk-zh-leo	2026-03-13
https://www.curify-ai.com/nano-template/food/example/template-food-en-nasi-lemak	2026-03-13
https://www.curify-ai.com/nano-template/food/example/template-food-sukiyaki	2026-03-13
https://www.curify-ai.com/nano-template/fruit/example/template-fruit-en-chilean-cherries	2026-03-13
https://www.curify-ai.com/nano-template/guofeng-scroll-zh/example/template-guofeng-scroll-zh-twelve-beauties-jinling	2026-03-13
https://www.curify-ai.com/nano-template/herbal-zh/example/template-herbal-zh-dandelion	2026-03-13
https://www.curify-ai.com/nano-template/mbti-animal/example/template-mbti-animal-zh-cafe	2026-03-13
https://www.curify-ai.com/nano-template/mbti-animal/example/template-mbti-animal-zh-love	2026-03-13
https://www.curify-ai.com/nano-template/travel-zh/example/template-travel-zh-beijing	2026-03-13
https://www.curify-ai.com/nano-template/travel-zh/example/template-travel-zh-xian	2026-03-13
https://www.curify-ai.com/nano-template/what-if-history/example/template-what-if-history-zheng-he-america	2026-03-13
https://www.curify-ai.com/nano-template/word-scene/example/template-word-scene-zh-astronaut-space	2026-03-13
https://www.curify-ai.com/nano-template/word-scene/example/template-word-scene-zh-family-restaurant	2026-03-13
https://www.curify-ai.com/nano-template/word-scene/example/template-word-scene-zh-shinchan-stadium	2026-03-13
https://www.curify-ai.com/nano-template/word-scene/example/template-word-scene-zh-temple-fair  3	2026-03-13
https://www.curify-ai.com/nano-template/costume-zh/example/template-costume-zh-beijing-opera-colorful-female-armor	2026-03-13
https://www.curify-ai.com/nano-template/fashion-ecommerce/example/template-fashion-ecommerce-zh-musical-instrument	2026-03-13
https://www.curify-ai.com/nano-template/food/example/template-food-en-texas-smoked-bbq	2026-03-13
https://www.curify-ai.com/nano-template/herbal-zh/example/template-herbal-zh-notoginseng	2026-03-13
https://www.curify-ai.com/nano-template/what-if-history/example/template-what-if-history-Taiwan-Strait-Closure-2027	2026-03-13
https://www.curify-ai.com/nano-template/word-scene/example/template-word-scene-zh-family-amusement	2026-03-13
https://www.curify-ai.com/en/nano-banana-pro-prompts/4134	2026-03-13
https://www.curify-ai.com/nano-template/mbti-contrast-zh	2026-03-13
https://www.curify-ai.com/nano-template/template-portrait-retouching-blueprint	2026-03-13
https://www.curify-ai.com/de/nano-banana-pro-prompts/1724	2026-03-13
https://curify-ai.com/ja/nano-banana-pro-prompts/4317	2026-03-13
https://www.curify-ai.com/ja/nano-banana-pro-prompts/4317	2026-03-13
https://www.curify-ai.com/es/nano-banana-pro-prompts/823	2026-03-13
https://curify-ai.com/es/nano-banana-pro-prompts/3764	2026-03-13
https://www.curify-ai.com/es/nano-banana-pro-prompts/3764	2026-03-13
https://www.curify-ai.com/hi/nano-banana-pro-prompts/1039	2026-03-13
https://www.curify-ai.com/en/nano-template/template-species-science-zh/example/template-species-science-zh-ginkgo	2026-03-13
https://www.curify-ai.com/de/nano-banana-pro-prompts/1169	2026-03-13
https://www.curify-ai.com/de/nano-banana-pro-prompts/1905	2026-03-13
https://www.curify-ai.com/de/nano-banana-pro-prompts/136	2026-03-13
https://www.curify-ai.com/zh/nano-template/battle/example/template-battle-zh-hanxin-baiqi.jpg  2	2026-03-13
https://www.curify-ai.com/zh/nano-template/character-zh/example/template-character-zh-academic-zhu-bajie	2026-03-13
https://www.curify-ai.com/zh/nano-template/portrait-retouching-blueprint/example/template-portrait-retouching-blueprint-en  2	2026-03-13
https://www.curify-ai.com/zh/nano-template/mbti-animal/example/template-mbti-animal-zh-amusement-park  3	2026-03-13
https://www.curify-ai.com/nano-template/food/example/template-food-en-peking-duck	2026-03-13
https://www.curify-ai.com/es/nano-template/herbal-zh	2026-03-13
https://www.curify-ai.com/hi/nano-template/constellation-steampunk-zh	2026-03-13
https://www.curify-ai.com/ko/nano-template/dog-breed-retro-infographic	2026-03-13
https://www.curify-ai.com/nano-template/template-education-zh/example/template-education-zh-conservation-of-energy	2026-03-13
https://www.curify-ai.com/nano-template/template-mbti-animal/example/template-mbti-animal-zh-spring-festival  5	2026-03-13
https://www.curify-ai.com/ru/nano-template/species-zh	2026-03-13
https://www.curify-ai.com/tr/nano-template/food	2026-03-13
https://www.curify-ai.com/nano-template/architecture/example/template-architecture-empire-state-building	2026-03-13
https://www.curify-ai.com/nano-template/constellation-steampunk-zh/example/template-constellation-steampunk-zh-gemini	2026-03-13
https://www.curify-ai.com/nano-template/fashion-ecommerce/example/template-fashion-ecommerce-zh-camisole	2026-03-13
https://www.curify-ai.com/nano-template/food/example/template-food-guilin-rice-noodles	2026-03-13
https://www.curify-ai.com/nano-template/herbal-zh/example/template-herbal-zh-astragalus	2026-03-13
https://www.curify-ai.com/nano-template/herbal-zh/example/template-herbal-zh-coix-lacryma-jobi	2026-03-13
https://www.curify-ai.com/nano-template/herbal-zh/example/template-herbal-zh-forsythia	2026-03-13
https://www.curify-ai.com/nano-template/herbal-zh/example/template-herbal-zh-mori-folium	2026-03-13
https://www.curify-ai.com/nano-template/herbal-zh/example/template-herbal-zh-semen-platycladi	2026-03-13
https://www.curify-ai.com/nano-template/mbti-animal/example/template-mbti-animal-zh-plane  2	2026-03-13
https://www.curify-ai.com/nano-template/mbti-animal/example/template-mbti-animal-zh-supermarket	2026-03-13
https://www.curify-ai.com/de/nano-banana-pro-prompts/2098	2026-03-13
https://www.curify-ai.com/de/nano-template/hot-event-analysis-zh	2026-03-13
https://www.curify-ai.com/zh/nano-template/template-character-zh/example/template-character-zh-zhugeliang	2026-03-13
https://www.curify-ai.com/zh/nano-template/species-zh/example/template-species-zh-siberian-tiger	2026-03-13
https://www.curify-ai.com/nano-template/character-zh	2026-03-13
https://curify-ai.com/ko/nano-banana-pro-prompts/2520	2026-03-13
https://www.curify-ai.com/ko/nano-banana-pro-prompts/2520	2026-03-13
https://www.curify-ai.com/en/nano-template/food/example/template-food-bak-kut-teh	2026-03-13
https://curify-ai.com/ja/nano-banana-pro-prompts/164	2026-03-13
https://www.curify-ai.com/ja/nano-banana-pro-prompts/164	2026-03-13
https://www.curify-ai.com/tr/nano-banana-pro-prompts/590	2026-03-13
https://www.curify-ai.com/en/nano-banana-pro-prompts/2951	2026-03-13
https://www.curify-ai.com/zh/nano-template/mbti-animal/example/template-mbti-animal-zh-supermarket  5	2026-03-13
https://www.curify-ai.com/zh/nano-template/mbti-contrast-zh/example/template-mbti-contrast-zh-INFJ  vs ESFJ-home	2026-03-13
https://www.curify-ai.com/zh/nano-template/portrait-retouching-blueprint	2026-03-13
https://curify-ai.com/ja/nano-banana-pro-prompts/3139	2026-03-13
https://www.curify-ai.com/ja/nano-banana-pro-prompts/3139	2026-03-13
https://www.curify-ai.com/en/nano-template/template-education-zh	2026-03-13
https://www.curify-ai.com/zh/nano-template/mbti-generic/example/template-mbti-generic-ai-founders-en-sundar	2026-03-13
https://www.curify-ai.com/zh/nano-template/template-mbti-animal/example/template-mbti-animal-zh-annual-meeting  4	2026-03-13
https://www.curify-ai.com/zh/nano-template/mbti-generic/example/template-mbti-generic-ThreeKingdoms-zh-CaoCao	2026-03-13
https://www.curify-ai.com/zh/nano-template/evolution/example/template-evolution-transportation	2026-03-13
https://www.curify-ai.com/zh/nano-template/mbti-animal/example/template-mbti-animal-zh-annual-meeting  6	2026-03-13
https://www.curify-ai.com/zh/nano-template/template-mbti-animal/example/template-mbti-animal-zh-supermarket  5	2026-03-13
https://www.curify-ai.com/zh/nano-template/template-species-science-zh/example/template-species-science-zh-hawksbill	2026-03-13
https://www.curify-ai.com/zh/nano-template/species-science-zh/example/template-species-science-zh-snow-leopard	2026-03-13
https://www.curify-ai.com/es/nano-template/species-science-zh	2026-03-13
https://www.curify-ai.com/hi/nano-template/mbti-generic	2026-03-13
https://www.curify-ai.com/nano-template/mbti-generic/example/template-mbti-generic-en-Germany	2026-03-13
https://www.curify-ai.com/nano-template/mbti-spring-festival-zh/example/template-mbti-spring-festival-zh-INFJ-vs-ESFJ-home	2026-03-13
https://www.curify-ai.com/nano-template/species-science-zh/example/template-species-science-zh-ginkgo-tree	2026-03-13
https://www.curify-ai.com/nano-template/word-scene/example/template-word-scene-zh-student-laboratory	2026-03-13
https://www.curify-ai.com/nano-template/template-herbal-zh/example/template-herbal-zh-goji-berry	2026-03-13
https://www.curify-ai.com/nano-template/template-word-scene/example/template-word-scene-zh-ski-resort	2026-03-13
https://www.curify-ai.com/ko/nano-banana-pro-prompts/3009	2026-03-13
https://www.curify-ai.com/nano-template/mbti-contrast-zh/example/template-mbti-contrast-zh-love-ENFJ-vs-ISTP-meeting-parents	2026-03-13
https://www.curify-ai.com/zh/nano-template/character-zh/example/template-character-zh-crayon-shinchan-shinnosuke-nohara	2026-03-13
https://www.curify-ai.com/zh/nano-template/template-species-science-zh/example/template-species-science-zh-red-crowned-crane	2026-03-13
https://www.curify-ai.com/	2026-03-13
https://curify-ai.com/ru/nano-banana-pro-prompts/2478	2026-03-13
https://www.curify-ai.com/ru/nano-banana-pro-prompts/2478	2026-03-13
https://www.curify-ai.com/nano-template/template-herbal-zh/example/template-herbal-zh-albizia-julibrissin	2026-03-13
https://www.curify-ai.com/zh/nano-template/education-zh/example/template-education-zh-electromagnetic-induction	2026-03-13
https://www.curify-ai.com/zh/nano-template/character-zh/example/template-character-zh-direnjie	2026-03-13
https://www.curify-ai.com/zh/nano-template/mbti-animal/example/template-mbti-animal-zh-plane  3	2026-03-13
https://www.curify-ai.com/zh/nano-template/mbti-generic/example/template-mbti-generic-Basketball-en-Michael-Jordan-LeBron-James-Kawhi-Leonard-Shaquille-ONeal	2026-03-13
https://www.curify-ai.com/nano-template/mbti-contrast-zh/example/template-mbti-contrast-zh-INFJ  vs ESFJ-home	2026-03-13
https://www.curify-ai.com/ru/blog/agents-vs-workflows	2026-03-13
https://curify-ai.com/en/nano-banana-pro-prompts/3896	2026-03-13
https://www.curify-ai.com/en/nano-banana-pro-prompts/3896	2026-03-13
https://www.curify-ai.com/nano-template/mbti-animal/example/template-mbti-animal-zh-amusement-park  6	2026-03-13
https://www.curify-ai.com/nano-template/mbti-animal/example/template-mbti-animal-zh-ski-resort  3	2026-03-13
https://www.curify-ai.com/nano-template/mbti-generic/example/template-mbti-generic-breaking-bad-en-walter-white	2026-03-13
https://www.curify-ai.com/nano-template/species-science-zh/example/template-species-science-zh-paphiopedilum	2026-03-13
https://www.curify-ai.com/zh/nano-template/character-zh/example/template-character-zh-weiqing	2026-03-13
https://curify-ai.com/de/nano-banana-pro-prompts/1408	2026-03-13
https://www.curify-ai.com/de/nano-banana-pro-prompts/1408	2026-03-13
https://curify-ai.com/zh/nano-banana-pro-prompts/1724	2026-03-13
https://www.curify-ai.com/zh/nano-banana-pro-prompts/1724	2026-03-13
https://curify-ai.com/es/nano-banana-pro-prompts/1342	2026-03-13
https://www.curify-ai.com/es/nano-banana-pro-prompts/1342	2026-03-13
https://curify-ai.com/fr/nano-banana-pro-prompts/218	2026-03-13
https://www.curify-ai.com/fr/nano-banana-pro-prompts/218	2026-03-13
https://www.curify-ai.com/en/nano-banana-pro-prompts/64	2026-03-13
https://curify-ai.com/fr/nano-banana-pro-prompts/4298	2026-03-13
https://www.curify-ai.com/zh/nano-template/mbti-animal/example/template-mbti-animal-zh-ski-resort  2	2026-03-13
https://www.curify-ai.com/de/nano-banana-pro-prompts/2557	2026-03-13
https://curify-ai.com/de/nano-banana-pro-prompts/3223	2026-03-13
https://www.curify-ai.com/de/nano-banana-pro-prompts/3223	2026-03-13
https://curify-ai.com/es/nano-banana-pro-prompts/2066	2026-03-13
https://www.curify-ai.com/es/nano-banana-pro-prompts/2066	2026-03-13
https://www.curify-ai.com/en/nano-template/mbti-contrast-zh/example/template-mbti-contrast-zh-love-INFP-vs-ESTP-confession	2026-03-13
https://www.curify-ai.com/zh/nano-banana-pro-prompts/3937	2026-03-13
https://www.curify-ai.com/nano-template/template-word-scene/example/template-word-scene-zh-student-wizard-school	2026-03-13
https://www.curify-ai.com/zh/nano-template/template-word-scene/example/template-word-scene-zh-shinchan-stadium	2026-03-13
https://www.curify-ai.com/nano-template/template-education-zh/example/template-education-zh-dna-double-helix	2026-03-13
https://www.curify-ai.com/de/nano-banana-pro-prompts/4134	2026-03-13
https://www.curify-ai.com/en/nano-template/mbti-generic/example/template-mbti-generic-ai-founders-en-sundar	2026-03-13
https://www.curify-ai.com/zh/nano-template/mbti-animal/example/template-mbti-animal-zh-cafe	2026-03-13
https://www.curify-ai.com/zh/nano-template/mbti-generic/example/template-mbti-generic-breaking-bad-en-jesse-pinkman	2026-03-13
https://www.curify-ai.com/nano-template/mbti-animal/example/template-mbti-animal-zh-spring-festival  2	2026-03-12
https://www.curify-ai.com/tr/nano-banana-pro-prompts/2781	2026-03-12
https://curify-ai.com/zh/nano-banana-pro-prompts/2390	2026-03-12
https://www.curify-ai.com/zh/nano-banana-pro-prompts/2390	2026-03-12
https://www.curify-ai.com/de/nano-banana-pro-prompts/947	2026-03-12
https://www.curify-ai.com/ko/nano-banana-pro-prompts/31	2026-03-12
https://www.curify-ai.com/zh/nano-template/architecture/example/template-architecture-empire-state-building	2026-03-12
https://www.curify-ai.com/zh/nano-template/mbti-animal/example/template-mbti-animal-zh-spring-festival  1	2026-03-12
https://www.curify-ai.com/zh/nano-template/mbti-animal/example/template-mbti-animal-zh-spring-festival  4	2026-03-12
https://www.curify-ai.com/zh/nano-template/mbti-generic/example/template-mbti-generic-bbt-en-bernadette	2026-03-12
https://www.curify-ai.com/zh/nano-template/mbti-generic/example/template-mbti-generic-breaking-bad-en-saul-goodman	2026-03-12
https://www.curify-ai.com/zh/nano-template/mbti-generic/example/template-mbti-generic-spring-festival-zh-ISFJ-vs-ENTP-farewell	2026-03-12
https://www.curify-ai.com/zh/nano-template/template-herbal-zh/example/template-herbal-zh-eriocauli-flos	2026-03-12
https://www.curify-ai.com/zh/nano-template/template-herbal-zh/example/template-herbal-zh-forsythia	2026-03-12
https://www.curify-ai.com/zh/nano-template/evolution/example/template-evolution-british-industrial-revolution	2026-03-12
https://www.curify-ai.com/zh/nano-template/mbti-animal/example/template-mbti-animal-personality-zh-isfp-estp-istp-istj	2026-03-12
https://www.curify-ai.com/zh/nano-template/mbti-contrast-zh/example/template-mbti-contrast-zh-ISFJ  vs ENTP-farewell	2026-03-12
https://www.curify-ai.com/zh/nano-template/mbti-contrast-zh/example/template-mbti-contrast-zh-love-ISFJ-vs-ENTP-gift-giving	2026-03-12
https://www.curify-ai.com/zh/nano-template/mbti-generic/example/template-mbti-generic-ThreeKingdoms-zh-GuoJia	2026-03-12
https://www.curify-ai.com/zh/nano-template/mbti-generic/example/template-mbti-generic-ThreeKingdoms-zh-ZhugeLiang	2026-03-12
https://www.curify-ai.com/zh/nano-template/mbti-generic/example/template-mbti-generic-employee-zh-group	2026-03-12
https://www.curify-ai.com/zh/nano-template/mbti-generic/example/template-mbti-generic-myth-zh-entp-entj-intp-intj	2026-03-12
https://www.curify-ai.com/zh/nano-template/mbti-spring-festival-zh/example/template-mbti-spring-festival-zh-ISTJ-vs-ENFP-package	2026-03-12
https://www.curify-ai.com/ja/nano-template/intangible-heritage-zh	2026-03-12
https://www.curify-ai.com/nano-template/mbti-animal/example/template-mbti-animal-zh-ski-resort  2	2026-03-12
https://www.curify-ai.com/nano-template/mbti-generic/example/template-mbti-generic-friends-group-1	2026-03-12
https://www.curify-ai.com/zh/nano-template/character-comparison	2026-03-12
https://www.curify-ai.com/zh/nano-template/mbti-animal	2026-03-12
https://www.curify-ai.com/nano-template/evolution/example/template-evolution-transportation	2026-03-12
https://www.curify-ai.com/nano-template/mbti-animal/example/template-mbti-animal-zh-annual-meeting  1	2026-03-12
https://www.curify-ai.com/nano-template/mbti-animal/example/template-mbti-animal-zh-spring-festival  6	2026-03-12
https://www.curify-ai.com/nano-template/mbti-animal/example/template-mbti-animal-zh-supermarket  6	2026-03-12
https://www.curify-ai.com/nano-template/mbti-contrast-zh/example/template-mbti-contrast-zh-love-INFP-vs-ESTP-confession	2026-03-12
https://www.curify-ai.com/nano-template/mbti-generic/example/template-mbti-generic-friends-ross	2026-03-12
https://www.curify-ai.com/nano-template/mbti-spring-festival-zh/example/template-mbti-spring-festival-zh--ESTJ-vs-INTP-high-speed-rail	2026-03-12
https://www.curify-ai.com/nano-template/species-science-zh/example/template-species-science-zh-golden-camellia	2026-03-12
https://www.curify-ai.com/nano-template/evolution/example/template-evolution-currency-forms	2026-03-12
https://www.curify-ai.com/nano-template/mbti-generic/example/template-mbti-generic-myth-zh-esfp-esfj-isfp-isfj	2026-03-12
https://www.curify-ai.com/en/nano-banana-pro-prompts/3299	2026-03-12
https://www.curify-ai.com/de/nano-banana-pro-prompts/1190	2026-03-12
https://www.curify-ai.com/nano-template/template-book-series/example/template-book-series-Journey-to-the-West  3	2026-03-12
https://www.curify-ai.com/es/nano-banana-pro-prompts/4065	2026-03-12
https://www.curify-ai.com/nano-template/herbal-zh/example/template-herbal-zh-coptis	2026-03-12
https://www.curify-ai.com/es/nano-template/mbti-generic	2026-03-12
https://www.curify-ai.com/en/nano-template/template-word-scene/example/template-word-scene-child-park	2026-03-12
https://www.curify-ai.com/nano-template/template-evolution/example/template-evolution-western-art-development	2026-03-12
https://www.curify-ai.com/en/nano-template/template-mbti-animal/example/template-mbti-animal-zh-amusement-park  6	2026-03-12
https://www.curify-ai.com/zh/nano-template/mbti-animal/example/template-mbti-animal-zh-ski-resort  3	2026-03-12
https://www.curify-ai.com/zh/nano-template/template-species-science-zh/example/template-species-science-zh-giant-panda	2026-03-12
https://www.curify-ai.com/zh/nano-banana-pro-prompts/96	2026-03-12
https://www.curify-ai.com/nano-template/template-character-zh/example/template-character-zh-academic-dream-of-the-red-chamber  3	2026-03-12
https://www.curify-ai.com/es/nano-banana-pro-prompts/2540	2026-03-12
https://www.curify-ai.com/zh/nano-template/herbal-zh/example/template-herbal-zh-goji	2026-03-12
https://www.curify-ai.com/nano-template/mbti-generic/example/template-mbti-generic-en-UK	2026-03-12
https://www.curify-ai.com/nano-template/mbti-generic/example/template-mbti-generic-HongLouMeng-zh-XueBaochai	2026-03-12
https://www.curify-ai.com/zh/nano-template/mbti-generic/example/template-mbti-generic-bbt-en-raj	2026-03-12
https://www.curify-ai.com/nano-template/mbti-generic/example/template-mbti-generic-bbt-en-howard	2026-03-12
https://www.curify-ai.com/nano-template/word-scene/example/template-word-scene-zh-student-robot-factory	2026-03-12
https://www.curify-ai.com/en/nano-banana-pro-prompts/76	2026-03-12
https://www.curify-ai.com/nano-template/mbti-animal/example/template-mbti-animal-zh-supermarket  4	2026-03-12
https://www.curify-ai.com/zh/nano-template/mbti-contrast-zh	2026-03-12
https://www.curify-ai.com/nano-template/mbti-generic/example/template-mbti-generic-HongLouMeng-zh-Miaoyu	2026-03-12
https://www.curify-ai.com/nano-template/mbti-generic/example/template-mbti-generic-ai-en-claude-infj	2026-03-12
https://www.curify-ai.com/nano-template/mbti-generic/example/template-mbti-generic-ai-en-gemini-entp	2026-03-12
https://www.curify-ai.com/nano-template/mbti-generic/example/template-mbti-generic-breaking-bad-en-gus-fring	2026-03-12
https://www.curify-ai.com/nano-template/mbti-generic/example/template-mbti-generic-Marvel-TChalla-Wanda-Vision-Clint	2026-03-12
https://www.curify-ai.com/zh/nano-template/mbti-generic/example/template-mbti-generic-HongLouMeng-zh-Miaoyu	2026-03-12
https://www.curify-ai.com/zh/nano-template/mbti-generic	2026-03-12
https://www.curify-ai.com/nano-template/mbti-generic	2026-03-12
https://www.curify-ai.com/zh/nano-template/mbti-generic/example/template-mbti-generic-friends-phoebe	2026-03-12
https://www.curify-ai.com/zh/nano-template/mbti-generic/example/template-mbti-generic-HongLouMeng-zh-JiaZheng	2026-03-12
https://www.curify-ai.com/zh/nano-template/mbti-generic/example/template-mbti-generic-friends-joey	2026-03-12
https://www.curify-ai.com/tr/nano-banana-pro-prompts/665	2026-03-12
https://curify-ai.com/ja/nano-banana-pro-prompts/1881	2026-03-12
https://www.curify-ai.com/ja/nano-banana-pro-prompts/1881	2026-03-12
https://www.curify-ai.com/fr/nano-banana-pro-prompts/2404	2026-03-12
https://www.curify-ai.com/de/nano-banana-pro-prompts/497	2026-03-12
https://www.curify-ai.com/en/nano-template/template-species-zh/example/template-species-zh-giant-panda	2026-03-12
https://www.curify-ai.com/zh/nano-template/mbti-generic/example/template-mbti-generic-HongLouMeng-zh-WangXifeng	2026-03-12
https://www.curify-ai.com/zh/nano-template/fashion-ecommerce/example/template-fashion-ecommerce-zh-socks	2026-03-12
https://www.curify-ai.com/zh/nano-template/mbti-animal/example/template-mbti-animal-zh-annual-meeting  5	2026-03-12
https://www.curify-ai.com/zh/nano-template/mbti-generic/example/template-mbti-generic-bbt-en-howard	2026-03-12
https://www.curify-ai.com/zh/nano-template/template-cultural-relic-retro-infographic	2026-03-12
https://www.curify-ai.com/nano-template/mbti-generic/example/template-mbti-generic-employee-en-enfj	2026-03-12
https://www.curify-ai.com/nano-template/mbti-generic/example/template-mbti-generic-employee-en-infj	2026-03-12
https://www.curify-ai.com/nano-template/word-scene/example/template-word-scene-zh-family-postoffice	2026-03-12
https://www.curify-ai.com/nano-template/character-zh/example/template-character-zh-wuzetian	2026-03-12
https://www.curify-ai.com/ko/blog	2026-03-12
https://www.curify-ai.com/nano-template/what-if-history/example/template-what-if-history-Hormuz-Crisis-2026	2026-03-12
https://www.curify-ai.com/ru/nano-template/hotspot-card-zh	2026-03-12
https://www.curify-ai.com/tr/nano-banana-pro-prompts/1910	2026-03-12
https://www.curify-ai.com/nano-template/constellation-steampunk-zh/example/template-constellation-steampunk-zh-capricorn	2026-03-12
https://www.curify-ai.com/nano-template/intangible-heritage-zh/example/template-intangible-heritage-zh-woodblock-new-year-paintings	2026-03-12
https://www.curify-ai.com/nano-template/mbti-generic/example/template-mbti-generic-ai-founders-en-sundar	2026-03-12
https://www.curify-ai.com/zh/nano-template/recipe-zh/example/template-recipe-zh-buddha-jumps-over-the-wall	2026-03-12
https://www.curify-ai.com/es/nano-banana-pro-prompts/1055	2026-03-12
https://www.curify-ai.com/zh/nano-banana-pro-prompts/3344	2026-03-12
https://www.curify-ai.com/en/nano-banana-pro-prompts/2206	2026-03-12
https://www.curify-ai.com/en/nano-template/template-guofeng-scroll-zh/example/template-guofeng-scroll-zh-chinese-figure-mudan-ting	2026-03-12
https://www.curify-ai.com/en/nano-template/template-character-zh/example/template-character-zh-academic-sun-wukong	2026-03-12
https://www.curify-ai.com/en/nano-template/template-species-science-zh	2026-03-12
https://www.curify-ai.com/en/nano-template/template-cultural-relic/example/template-cultural-relic-simu-wu-ding	2026-03-12
https://www.curify-ai.com/es/tools/video-dubbing	2026-03-12
https://www.curify-ai.com/es/video-dubbing	2026-03-12
https://www.curify-ai.com/hi/nano-banana-pro-prompts/3688	2026-03-12
https://www.curify-ai.com/zh/nano-banana-pro-prompts/3299	2026-03-12
https://www.curify-ai.com/en/nano-banana-pro-prompts/3788	2026-03-12
https://www.curify-ai.com/zh/nano-template/template-evolution	2026-03-12
https://www.curify-ai.com/zh/nano-template/template-book-series/example/template-book-series-Journey-to-the-West  1	2026-03-12
https://www.curify-ai.com/nano-template/template-herbal-zh/example/template-herbal-zh-buddlejae-flos	2026-03-12
https://www.curify-ai.com/hi/tools/bilingual-subtitles	2026-03-12
https://www.curify-ai.com/nano-template/template-word-scene/example/template-word-scene-zh-supermarket	2026-03-12
https://www.curify-ai.com/en/nano-template/template-character-zh/example/template-character-zh-spirited-away-chihiro	2026-03-12
https://www.curify-ai.com/en/nano-template/template-character-zh/example/template-character-zh-academic-journey-to-the-west-1	2026-03-12
https://www.curify-ai.com/es/blog/creative-ai-tools-websites	2026-03-12
https://www.curify-ai.com/en/nano-template/template-character-analysis-zh/example/template-character-analysis-zh-sun-wukong	2026-03-12
https://www.curify-ai.com/zh/nano-template/template-fashion-ecommerce/example/template-fashion-ecommerce-zh-scarf	2026-03-12
https://www.curify-ai.com/nano-template/template-portrait-retouching-blueprint/example/template-portrait-retouching-blueprint-en  4	2026-03-12
https://www.curify-ai.com/nano-template/template-what-if-history/example/template-what-if-history-ming-renaissance	2026-03-12
https://www.curify-ai.com/fr/nano-banana-pro-prompts/2860	2026-03-12
https://www.curify-ai.com/nano-template/template-herbal-zh/example/template-herbal-zh-ophiopogon	2026-03-12
https://www.curify-ai.com/ru/nano-banana-pro-prompts/1140	2026-03-12
https://www.curify-ai.com/es/nano-banana-pro-prompts/3147	2026-03-12
https://www.curify-ai.com/ja/nano-banana-pro-prompts/4120	2026-03-12
https://www.curify-ai.com/ja/nano-banana-pro-prompts/1540	2026-03-12
https://www.curify-ai.com/en/nano-template/template-herbal-zh/example/template-herbal-zh-radix-morindae-officinalis	2026-03-12
https://www.curify-ai.com/en/nano-template/template-herbal-zh/example/template-herbal-zh-chuanxiong	2026-03-12
https://www.curify-ai.com/nano-template/template-mbti-contrast-zh/example/template-mbti-contrast-zh-INTJ  vs ESTP-high-speed-rail	2026-03-12
https://www.curify-ai.com/zh/nano-template/template-word-scene/example/template-word-scene-zh-student-laboratory	2026-03-12
https://www.curify-ai.com/zh/nano-template/template-cultural-relic/example/template-cultural-relic-terracotta-warriors	2026-03-12
https://www.curify-ai.com/zh/nano-template/template-word-scene/example/template-word-scene-zh-student-wizard-school	2026-03-12
https://www.curify-ai.com/zh/nano-template/template-word-scene/example/template-word-scene-zh-temple-fair  2	2026-03-12
https://www.curify-ai.com/zh/nano-template/template-fashion-ecommerce/example/template-fashion-ecommerce-zh-hairdryer	2026-03-12
https://www.curify-ai.com/zh/nano-template/template-mbti-animal/example/template-mbti-animal-zh-amusement-park  5	2026-03-12
https://www.curify-ai.com/nano-template/template-word-scene/example/template-word-scene-zh-family-firestation	2026-03-12
https://www.curify-ai.com/nano-template/template-dog-breed/example/template-dog-breed-husky	2026-03-12
https://www.curify-ai.com/nano-template/template-guofeng-scroll-zh/example/template-guofeng-scroll-zh-eight-immortals	2026-03-12
https://www.curify-ai.com/ru/blog/video-enhancement	2026-03-12
https://www.curify-ai.com/nano-template/template-evolution/example/template-evolution-transportation	2026-03-12
https://www.curify-ai.com/nano-template/template-food/example/template-food-italian-pasta	2026-03-12
https://curify-ai.com/de/nano-banana-pro-prompts/1413	2026-03-12
https://www.curify-ai.com/de/nano-banana-pro-prompts/1413	2026-03-12
https://www.curify-ai.com/tr/blog/what-is-voice-cloning	2026-03-12
https://curify-ai.com/de/nano-banana-pro-prompts/3147	2026-03-12
https://www.curify-ai.com/de/nano-banana-pro-prompts/3147	2026-03-12
https://www.curify-ai.com/zh/nano-template/template-species-science-zh/example/template-species-science-zh-ginkgo	2026-03-12
https://curify-ai.com/es/nano-banana-pro-prompts/2811	2026-03-11
https://www.curify-ai.com/es/nano-banana-pro-prompts/2811	2026-03-11
https://www.curify-ai.com/nano-template/template-mbti-animal/example/template-mbti-animal-zh-cafe  2	2026-03-11
https://www.curify-ai.com/tr/nano-banana-pro-prompts/428	2026-03-11
https://www.curify-ai.com/zh/nano-template/template-character-zh/example/template-character-zh-weiqing	2026-03-11
https://www.curify-ai.com/zh/nano-template/template-mbti-spring-festival-zh/example/template-mbti-spring-festival-zh-INFJ-vs-ESFJ-home	2026-03-11
https://www.curify-ai.com/zh/nano-template/template-word-scene/example/template-word-scene-farmer-farm	2026-03-11
https://www.curify-ai.com/zh/nano-template/template-word-scene/example/template-word-scene-zh-family-hotel	2026-03-11
https://www.curify-ai.com/nano-template/template-education-zh/example/template-education-zh-newtons-laws	2026-03-11
https://www.curify-ai.com/nano-template/template-fashion-ecommerce/example/template-fashion-ecommerce-zh-mouse	2026-03-11
https://www.curify-ai.com/nano-template/template-word-scene/example/template-word-scene-zh-family-postoffice	2026-03-11
https://www.curify-ai.com/nano-template/template-mbti-spring-festival-zh/example/template-mbti-spring-festival-zh-INTJ-vs-ESTP-high-speed-rail	2026-03-11
https://www.curify-ai.com/nano-template/template-word-scene/example/template-word-scene-doctor-hospital	2026-03-11
https://www.curify-ai.com/nano-template/template-herbal-zh/example/template-herbal-zh-dandelion	2026-03-11
https://www.curify-ai.com/en/nano-template/template-weather/example/template-weather-en-foster-city	2026-03-11
https://www.curify-ai.com/nano-template/template-mbti-animal	2026-03-11
https://www.curify-ai.com/nano-template/template-book-series/example/template-book-series-Journey-to-the-West  2	2026-03-11
https://www.curify-ai.com/en/nano-template/template-character-analysis-zh/example/template-character-analysis-zh-zhu-bajie	2026-03-11
https://www.curify-ai.com/en/nano-template/template-character-zh/example/template-character-zh-academic-sandy	2026-03-11
https://www.curify-ai.com/en/nano-template/template-constellation-steampunk-zh	2026-03-11
https://www.curify-ai.com/de/blog/creative-ai-tools-websites	2026-03-11
https://www.curify-ai.com/ru/blog/chinese-costume-history-infographic	2026-03-11
https://www.curify-ai.com/nano-template/template-character-zh	2026-03-11
https://www.curify-ai.com/en/nano-template/template-cultural-relic/example/template-cultural-relic-terracotta-warriors	2026-03-11
https://www.curify-ai.com/ja/nano-banana-pro-prompts/2321	2026-03-11
https://www.curify-ai.com/zh/nano-template/template-mbti-animal/example/template-mbti-animal-zh-spring-festival  6	2026-03-11
https://www.curify-ai.com/zh/nano-template/template-species-science-zh/example/template-species-science-zh-paphiopedilum	2026-03-11
https://www.curify-ai.com/zh/nano-template/template-word-scene/example/template-word-scene-zh-family-waterpark	2026-03-11
https://www.curify-ai.com/zh/nano-template/template-portrait-retouching-blueprint/example/template-portrait-retouching-blueprint-en  1	2026-03-11
https://www.curify-ai.com/zh/nano-template/template-fashion-ecommerce/example/template-fashion-ecommerce-zh-jeans	2026-03-11
https://www.curify-ai.com/de/nano-banana-pro-prompts/2888	2026-03-11
https://www.curify-ai.com/nano-template/template-dog-breed/example/template-dog-breed-poodle	2026-03-11
https://www.curify-ai.com/zh/nano-template/template-education-card/example/template-education-card-resource-environmental-carrying-capacity	2026-03-11
https://www.curify-ai.com/zh/nano-template/template-what-if-history/example/template-what-if-history-roman-han	2026-03-11
https://www.curify-ai.com/zh/nano-template/template-what-if-history/example/template-what-if-history-ming-renaissance	2026-03-11
https://www.curify-ai.com/zh/nano-template/template-mbti-animal/example/template-mbti-animal-zh-spring-festival  5	2026-03-11
https://www.curify-ai.com/hi/blog/aiPlatform	2026-03-11
https://www.curify-ai.com/ja/tools/video-dubbing	2026-03-11
https://www.curify-ai.com/nano-template/template-character-zh/example/template-character-zh-spirited-away-chihiro	2026-03-11
https://www.curify-ai.com/nano-template/template-guofeng-scroll-zh/example/template-guofeng-scroll-zh-chinese-figure-fengshenbang	2026-03-11
https://www.curify-ai.com/nano-template/template-mbti-contrast-zh/example/template-mbti-contrast-zh-INFJ  vs ESFJ-home	2026-03-11
https://www.curify-ai.com/nano-template/template-mbti-animal/example/template-mbti-animal-zh-plane  1	2026-03-11
https://www.curify-ai.com/fr/nano-banana-pro-prompts/4134	2026-03-11
https://www.curify-ai.com/de/nano-banana-pro-prompts/1882	2026-03-11
https://www.curify-ai.com/de/blog/translate-youtube-video	2026-03-11
https://www.curify-ai.com/de/nano-banana-pro-prompts/1159	2026-03-11
https://www.curify-ai.com/ko/blog/chinese-costume-history-infographic	2026-03-11
https://www.curify-ai.com/hi/blog/chinese-costume-history-infographic	2026-03-11
https://www.curify-ai.com/tr/nano-banana-pro-prompts/1753	2026-03-11
https://www.curify-ai.com/zh/nano-template/template-guofeng-scroll-zh/example/template-guofeng-scroll-zh-chinese-figure-fengshenbang	2026-03-11
https://www.curify-ai.com/nano-template/template-word-scene/example/template-word-scene-zh-astronaut-space	2026-03-11
https://www.curify-ai.com/hi/nano-banana-pro-prompts/222	2026-03-11
https://www.curify-ai.com/tools/video-dubbing	2026-03-11
https://www.curify-ai.com/zh/nano-template/template-character-comparison	2026-03-11
https://www.curify-ai.com/ko/nano-banana-pro-prompts/405	2026-03-11
https://www.curify-ai.com/nano-template/template-what-if-history/example/template-what-if-history-zheng-he-america	2026-03-11
https://www.curify-ai.com/nano-template/template-mbti-animal/example/template-mbti-animal-zh-supermarket  5	2026-03-11
https://www.curify-ai.com/hi/nano-banana-pro-prompts/3818	2026-03-11
https://www.curify-ai.com/zh/nano-banana-pro-prompts/340	2026-03-11
https://www.curify-ai.com/en/nano-template/template-travel-zh/example/template-travel-zh-xishuangbanna	2026-03-11
https://www.curify-ai.com/de/nano-banana-pro-prompts/2780	2026-03-11
https://www.curify-ai.com/zh/nano-template/template-fashion-ecommerce/example/template-fashion-ecommerce-zh-shirt	2026-03-11
https://www.curify-ai.com/zh/nano-template/template-character-zh/example/template-character-zh-baiqi	2026-03-11
https://www.curify-ai.com/zh/nano-template/template-mbti-animal/example/template-mbti-animal-zh-cafe  2	2026-03-11
https://www.curify-ai.com/zh/nano-template/template-solar-term/example/template-solar-term-lixia	2026-03-11
https://www.curify-ai.com/hi/blog/translate-youtube-video	2026-03-11
https://www.curify-ai.com/ja/tools/bilingual-subtitles	2026-03-11
https://www.curify-ai.com/nano-template/template-food/example/template-food-en-lamb-curry	2026-03-11
https://www.curify-ai.com/ja/blog/asl-video-translator	2026-03-11
https://www.curify-ai.com/nano-template/template-fashion-ecommerce/example/template-fashion-ecommerce-zh-socks	2026-03-11
https://www.curify-ai.com/nano-template/template-herbal-zh/example/template-herbal-zh-american-ginseng	2026-03-11
https://www.curify-ai.com/nano-template/template-mbti-animal/example/template-mbti-animal-zh-plane  3	2026-03-11
https://www.curify-ai.com/tr/blog/storyboard-labeling	2026-03-11
https://www.curify-ai.com/fr/blog/translate-youtube-video	2026-03-11
https://www.curify-ai.com/tr/blog/voice-cloning-tools	2026-03-11
https://www.curify-ai.com/en/nano-template/template-education-card	2026-03-11
https://www.curify-ai.com/ja/nano-banana-pro-prompts/555	2026-03-11
https://www.curify-ai.com/tr/nano-banana-pro-prompts/4142	2026-03-11
https://www.curify-ai.com/en/nano-banana-pro-prompts/1317	2026-03-11
https://www.curify-ai.com/ko/nano-banana-pro-prompts/1788	2026-03-11
https://curify-ai.com/en/nano-banana-pro-prompts/2279	2026-03-11
https://www.curify-ai.com/en/nano-banana-pro-prompts/2279	2026-03-11
https://www.curify-ai.com/nano-template/template-food/example/template-food-sukiyaki	2026-03-11
https://www.curify-ai.com/de/nano-banana-pro-prompts/1859	2026-03-11
https://www.curify-ai.com/zh/nano-template/template-fashion-ecommerce/example/template-fashion-ecommerce-zh-headphones-2	2026-03-11
https://www.curify-ai.com/hi/blog/video-evaluation	2026-03-11
https://www.curify-ai.com/nano-template/template-food/example/template-food-en-tom-yum-soup	2026-03-11
https://www.curify-ai.com/nano-template/template-mbti-animal/example/template-mbti-animal-zh-amusement-park  7	2026-03-11
https://www.curify-ai.com/de/blog/ai-youtube-video-translator	2026-03-11
https://www.curify-ai.com/en/nano-template/template-species-science-zh/example/template-species-science-zh-red-crowned-crane	2026-03-11
https://www.curify-ai.com/en/nano-template/template-fashion-ecommerce/example/template-fashion-ecommerce-zh-tie	2026-03-11
https://www.curify-ai.com/en/nano-template/template-character-zh/example/template-character-zh-libai	2026-03-11
https://www.curify-ai.com/en/nano-template/template-species-zh/example/template-species-zh-siberian-tiger	2026-03-11
https://www.curify-ai.com/en/nano-template/template-herbal-zh/example/template-herbal-zh-dioscorea-polystachya	2026-03-11
https://www.curify-ai.com/nano-template/template-mbti-generic/example/template-mbti-generic-friends-joey	2026-03-11
https://www.curify-ai.com/en/nano-template/template-character-zh/example/template-character-zh-academic-zhu-bajie	2026-03-11
https://www.curify-ai.com/en/nano-template/template-herbal-zh/example/template-herbal-zh-polygonum-multiflorum-caulis	2026-03-11
https://www.curify-ai.com/nano-template/template-fashion-ecommerce/example/template-fashion-ecommerce-zh-shirt	2026-03-11
https://www.curify-ai.com/en/nano-template/template-recipe-zh	2026-03-11
https://www.curify-ai.com/en/nano-template/template-herbal-zh/example/template-herbal-zh-leonurus	2026-03-11
https://www.curify-ai.com/en/nano-banana-pro-prompts/254	2026-03-11
https://www.curify-ai.com/en/nano-template/template-travel-zh/example/template-travel-zh-xian	2026-03-11
https://www.curify-ai.com/en/nano-banana-pro-prompts/2764	2026-03-11
https://www.curify-ai.com/ru/nano-banana-pro-prompts/3622	2026-03-11
https://www.curify-ai.com/nano-template/template-word-scene/example/template-word-scene-zh-family-amusement	2026-03-11
https://www.curify-ai.com/nano-template/template-cultural-relic/example/template-cultural-relic-terracotta-warriors	2026-03-11
https://www.curify-ai.com/zh/nano-template/template-hot-event-analysis-zh/example/template-hot-event-analysis-zh-declining-fertility-rate	2026-03-11
https://www.curify-ai.com/zh/nano-template/template-mbti-animal/example/template-mbti-animal-zh-plane  3	2026-03-11
https://www.curify-ai.com/zh/nano-template/template-word-scene/example/template-word-scene-explorer-forest	2026-03-11
https://www.curify-ai.com/zh/nano-template/template-battle	2026-03-11
https://www.curify-ai.com/fr/blog/video-enhancement	2026-03-11
https://www.curify-ai.com/nano-template/template-mbti-contrast-zh/example/template-mbti-contrast-zh-love-ESTJ-vs-INTP-anniversary	2026-03-11
https://www.curify-ai.com/nano-template/template-herbal-zh/example/template-herbal-zh-prunella-vulgaris	2026-03-11
https://www.curify-ai.com/nano-template/template-character-zh/example/template-character-zh-academic-sandy	2026-03-11
https://www.curify-ai.com/nano-template/template-character-zh/example/template-character-zh-sushi	2026-03-11
https://www.curify-ai.com/nano-template/template-herbal-zh/example/template-herbal-zh-jujube	2026-03-11
https://www.curify-ai.com/nano-template/template-mbti-animal/example/template-mbti-animal-zh-ski-resort  2	2026-03-11
https://www.curify-ai.com/zh/nano-template/template-herbal-zh/example/template-herbal-zh-herba-epimedii	2026-03-11
https://www.curify-ai.com/nano-template/template-dog-breed/example/template-dog-breed-bulldog	2026-03-11
https://www.curify-ai.com/ja/blog/translate-youtube-video-to-english	2026-03-11
https://www.curify-ai.com/nano-template/template-word-scene/example/template-word-scene-zh-family-airport	2026-03-11
https://www.curify-ai.com/de/nano-banana-pro-prompts/1831	2026-03-11
https://www.curify-ai.com/zh/nano-template/template-costume-zh/example/template-costume-zh-song-beizi	2026-03-11
https://www.curify-ai.com/en/nano-template/template-cultural-relic/example/template-cultural-relic-yuewang-goujian-sword	2026-03-11
https://www.curify-ai.com/hi/nano-banana-pro-prompts/3070	2026-03-11
https://www.curify-ai.com/zh/nano-template/template-character-zh/example/template-character-zh-hanxin	2026-03-11
https://www.curify-ai.com/ru/nano-banana-pro-prompts/1785	2026-03-11
https://www.curify-ai.com/zh/nano-template/template-herbal-zh/example/template-herbal-zh-prunella-vulgaris	2026-03-11
https://www.curify-ai.com/zh/tools/bilingual-subtitles	2026-03-11
https://www.curify-ai.com/tools/bilingual-subtitles	2026-03-11